Archivo Origen;ID Interseccion;Direccion;Zona;Version;Fecha;PS;Ciclo;Grupo de Senales;TVI;TVF;TFD;RES;Pagina
3693_20251229_Planeamiento.pdf;3693;AK 14 X CL 13A S;3605;SEMA_3693_VersiónPMT.sop6;20/11/2025 17:40:33;1;100;1A;57;5;48;43;8
3693_20251229_Planeamiento.pdf;3693;AK 14 X CL 13A S;3605;SEMA_3693_VersiónPMT.sop6;20/11/2025 17:40:33;1;100;1B;57;5;48;40;8
3693_20251229_Planeamiento.pdf;3693;AK 14 X CL 13A S;3605;SEMA_3693_VersiónPMT.sop6;20/11/2025 17:40:33;1;100;2A;57;5;48;43;8
3693_20251229_Planeamiento.pdf;3693;AK 14 X CL 13A S;3605;SEMA_3693_VersiónPMT.sop6;20/11/2025 17:40:33;1;100;2B;57;5;48;40;8
3693_20251229_Planeamiento.pdf;3693;AK 14 X CL 13A S;3605;SEMA_3693_VersiónPMT.sop6;20/11/2025 17:40:33;1;100;5;13;49;36;31;8
3693_20251229_Planeamiento.pdf;3693;AK 14 X CL 13A S;3605;SEMA_3693_VersiónPMT.sop6;20/11/2025 17:40:33;1;100;94;11;53;42;37;8
3693_20251229_Planeamiento.pdf;3693;AK 14 X CL 13A S;3605;SEMA_3693_VersiónPMT.sop6;20/11/2025 17:40:33;1;100;22;14;41;27;20;8
3693_20251229_Planeamiento.pdf;3693;AK 14 X CL 13A S;3605;SEMA_3693_VersiónPMT.sop6;20/11/2025 17:40:33;1;100;294;57;4;47;40;8
3693_20251229_Planeamiento.pdf;3693;AK 14 X CL 13A S;3605;SEMA_3693_VersiónPMT.sop6;20/11/2025 17:40:33;1;100;31;16;38;22;15;8
3693_20251229_Planeamiento.pdf;3693;AK 14 X CL 13A S;3605;SEMA_3693_VersiónPMT.sop6;20/11/2025 17:40:33;1;100;35;60;5;45;38;8
3693_20251229_Planeamiento.pdf;3693;AK 14 X CL 13A S;3605;SEMA_3693_VersiónPMT.sop6;20/11/2025 17:40:33;2;100;1A;45;95;50;45;9
3693_20251229_Planeamiento.pdf;3693;AK 14 X CL 13A S;3605;SEMA_3693_VersiónPMT.sop6;20/11/2025 17:40:33;2;100;1B;45;96;51;43;9
3693_20251229_Planeamiento.pdf;3693;AK 14 X CL 13A S;3605;SEMA_3693_VersiónPMT.sop6;20/11/2025 17:40:33;2;100;2A;45;96;51;46;9
3693_20251229_Planeamiento.pdf;3693;AK 14 X CL 13A S;3605;SEMA_3693_VersiónPMT.sop6;20/11/2025 17:40:33;2;100;2B;45;96;51;43;9
3693_20251229_Planeamiento.pdf;3693;AK 14 X CL 13A S;3605;SEMA_3693_VersiónPMT.sop6;20/11/2025 17:40:33;2;100;5;4;36;32;27;9
3693_20251229_Planeamiento.pdf;3693;AK 14 X CL 13A S;3605;SEMA_3693_VersiónPMT.sop6;20/11/2025 17:40:33;2;100;94;2;41;39;34;9
3693_20251229_Planeamiento.pdf;3693;AK 14 X CL 13A S;3605;SEMA_3693_VersiónPMT.sop6;20/11/2025 17:40:33;2;100;22;5;29;24;17;9
3693_20251229_Planeamiento.pdf;3693;AK 14 X CL 13A S;3605;SEMA_3693_VersiónPMT.sop6;20/11/2025 17:40:33;2;100;294;45;95;50;43;9
3693_20251229_Planeamiento.pdf;3693;AK 14 X CL 13A S;3605;SEMA_3693_VersiónPMT.sop6;20/11/2025 17:40:33;2;100;31;7;26;19;12;9
3693_20251229_Planeamiento.pdf;3693;AK 14 X CL 13A S;3605;SEMA_3693_VersiónPMT.sop6;20/11/2025 17:40:33;2;100;35;47;96;49;42;9
3693_20251229_Planeamiento.pdf;3693;AK 14 X CL 13A S;3605;SEMA_3693_VersiónPMT.sop6;20/11/2025 17:40:33;3;100;1A;79;23;44;39;10
3693_20251229_Planeamiento.pdf;3693;AK 14 X CL 13A S;3605;SEMA_3693_VersiónPMT.sop6;20/11/2025 17:40:33;3;100;1B;79;23;44;36;10
3693_20251229_Planeamiento.pdf;3693;AK 14 X CL 13A S;3605;SEMA_3693_VersiónPMT.sop6;20/11/2025 17:40:33;3;100;2A;79;23;44;39;10
3693_20251229_Planeamiento.pdf;3693;AK 14 X CL 13A S;3605;SEMA_3693_VersiónPMT.sop6;20/11/2025 17:40:33;3;100;2B;79;23;44;36;10
3693_20251229_Planeamiento.pdf;3693;AK 14 X CL 13A S;3605;SEMA_3693_VersiónPMT.sop6;20/11/2025 17:40:33;3;100;5;31;70;39;34;10
3693_20251229_Planeamiento.pdf;3693;AK 14 X CL 13A S;3605;SEMA_3693_VersiónPMT.sop6;20/11/2025 17:40:33;3;100;94;29;75;46;41;10
3693_20251229_Planeamiento.pdf;3693;AK 14 X CL 13A S;3605;SEMA_3693_VersiónPMT.sop6;20/11/2025 17:40:33;3;100;22;32;63;31;24;10
3693_20251229_Planeamiento.pdf;3693;AK 14 X CL 13A S;3605;SEMA_3693_VersiónPMT.sop6;20/11/2025 17:40:33;3;100;294;79;22;43;36;10
3693_20251229_Planeamiento.pdf;3693;AK 14 X CL 13A S;3605;SEMA_3693_VersiónPMT.sop6;20/11/2025 17:40:33;3;100;31;34;60;26;19;10
3693_20251229_Planeamiento.pdf;3693;AK 14 X CL 13A S;3605;SEMA_3693_VersiónPMT.sop6;20/11/2025 17:40:33;3;100;35;81;23;42;35;10
3693_20251229_Planeamiento.pdf;3693;AK 14 X CL 13A S;3605;SEMA_3693_VersiónPMT.sop6;20/11/2025 17:40:33;4;100;1A;67;5;38;33;11
3693_20251229_Planeamiento.pdf;3693;AK 14 X CL 13A S;3605;SEMA_3693_VersiónPMT.sop6;20/11/2025 17:40:33;4;100;1B;67;5;38;30;11
3693_20251229_Planeamiento.pdf;3693;AK 14 X CL 13A S;3605;SEMA_3693_VersiónPMT.sop6;20/11/2025 17:40:33;4;100;2A;67;5;38;33;11
3693_20251229_Planeamiento.pdf;3693;AK 14 X CL 13A S;3605;SEMA_3693_VersiónPMT.sop6;20/11/2025 17:40:33;4;100;2B;67;5;38;30;11
3693_20251229_Planeamiento.pdf;3693;AK 14 X CL 13A S;3605;SEMA_3693_VersiónPMT.sop6;20/11/2025 17:40:33;4;100;5;13;59;46;41;11
3693_20251229_Planeamiento.pdf;3693;AK 14 X CL 13A S;3605;SEMA_3693_VersiónPMT.sop6;20/11/2025 17:40:33;4;100;94;11;63;52;47;11
3693_20251229_Planeamiento.pdf;3693;AK 14 X CL 13A S;3605;SEMA_3693_VersiónPMT.sop6;20/11/2025 17:40:33;4;100;22;14;51;37;30;11
3693_20251229_Planeamiento.pdf;3693;AK 14 X CL 13A S;3605;SEMA_3693_VersiónPMT.sop6;20/11/2025 17:40:33;4;100;294;67;4;37;30;11
3693_20251229_Planeamiento.pdf;3693;AK 14 X CL 13A S;3605;SEMA_3693_VersiónPMT.sop6;20/11/2025 17:40:33;4;100;31;16;48;32;25;11
3693_20251229_Planeamiento.pdf;3693;AK 14 X CL 13A S;3605;SEMA_3693_VersiónPMT.sop6;20/11/2025 17:40:33;4;100;35;70;4;34;27;11
3693_20251229_Planeamiento.pdf;3693;AK 14 X CL 13A S;3605;SEMA_3693_VersiónPMT.sop6;20/11/2025 17:40:33;5;90;1A;67;18;41;36;12
3693_20251229_Planeamiento.pdf;3693;AK 14 X CL 13A S;3605;SEMA_3693_VersiónPMT.sop6;20/11/2025 17:40:33;5;90;1B;67;18;41;33;12
3693_20251229_Planeamiento.pdf;3693;AK 14 X CL 13A S;3605;SEMA_3693_VersiónPMT.sop6;20/11/2025 17:40:33;5;90;2A;67;18;41;36;12
3693_20251229_Planeamiento.pdf;3693;AK 14 X CL 13A S;3605;SEMA_3693_VersiónPMT.sop6;20/11/2025 17:40:33;5;90;2B;67;18;41;33;12
3693_20251229_Planeamiento.pdf;3693;AK 14 X CL 13A S;3605;SEMA_3693_VersiónPMT.sop6;20/11/2025 17:40:33;5;90;5;26;59;33;28;12
3693_20251229_Planeamiento.pdf;3693;AK 14 X CL 13A S;3605;SEMA_3693_VersiónPMT.sop6;20/11/2025 17:40:33;5;90;94;24;63;39;34;12
3693_20251229_Planeamiento.pdf;3693;AK 14 X CL 13A S;3605;SEMA_3693_VersiónPMT.sop6;20/11/2025 17:40:33;5;90;22;27;51;24;17;12
3693_20251229_Planeamiento.pdf;3693;AK 14 X CL 13A S;3605;SEMA_3693_VersiónPMT.sop6;20/11/2025 17:40:33;5;90;294;67;17;40;33;12
3693_20251229_Planeamiento.pdf;3693;AK 14 X CL 13A S;3605;SEMA_3693_VersiónPMT.sop6;20/11/2025 17:40:33;5;90;31;29;48;19;12;12
3693_20251229_Planeamiento.pdf;3693;AK 14 X CL 13A S;3605;SEMA_3693_VersiónPMT.sop6;20/11/2025 17:40:33;5;90;35;70;18;38;31;12
3693_20251229_Planeamiento.pdf;3693;AK 14 X CL 13A S;3605;SEMA_3693_VersiónPMT.sop6;20/11/2025 17:40:33;6;90;1A;71;22;41;36;13
3693_20251229_Planeamiento.pdf;3693;AK 14 X CL 13A S;3605;SEMA_3693_VersiónPMT.sop6;20/11/2025 17:40:33;6;90;1B;71;22;41;33;13
3693_20251229_Planeamiento.pdf;3693;AK 14 X CL 13A S;3605;SEMA_3693_VersiónPMT.sop6;20/11/2025 17:40:33;6;90;2A;71;22;41;36;13
3693_20251229_Planeamiento.pdf;3693;AK 14 X CL 13A S;3605;SEMA_3693_VersiónPMT.sop6;20/11/2025 17:40:33;6;90;2B;71;22;41;33;13
3693_20251229_Planeamiento.pdf;3693;AK 14 X CL 13A S;3605;SEMA_3693_VersiónPMT.sop6;20/11/2025 17:40:33;6;90;5;30;62;32;27;13
3693_20251229_Planeamiento.pdf;3693;AK 14 X CL 13A S;3605;SEMA_3693_VersiónPMT.sop6;20/11/2025 17:40:33;6;90;94;28;67;39;34;13
3693_20251229_Planeamiento.pdf;3693;AK 14 X CL 13A S;3605;SEMA_3693_VersiónPMT.sop6;20/11/2025 17:40:33;6;90;22;31;55;24;17;13
3693_20251229_Planeamiento.pdf;3693;AK 14 X CL 13A S;3605;SEMA_3693_VersiónPMT.sop6;20/11/2025 17:40:33;6;90;294;71;21;40;33;13
3693_20251229_Planeamiento.pdf;3693;AK 14 X CL 13A S;3605;SEMA_3693_VersiónPMT.sop6;20/11/2025 17:40:33;6;90;31;33;52;19;12;13
3693_20251229_Planeamiento.pdf;3693;AK 14 X CL 13A S;3605;SEMA_3693_VersiónPMT.sop6;20/11/2025 17:40:33;6;90;35;73;22;39;32;13
3693_20251229_Planeamiento.pdf;3693;AK 14 X CL 13A S;3605;SEMA_3693_VersiónPMT.sop6;20/11/2025 17:40:33;7;75;1A;1;28;27;22;14
3693_20251229_Planeamiento.pdf;3693;AK 14 X CL 13A S;3605;SEMA_3693_VersiónPMT.sop6;20/11/2025 17:40:33;7;75;1B;1;28;27;19;14
3693_20251229_Planeamiento.pdf;3693;AK 14 X CL 13A S;3605;SEMA_3693_VersiónPMT.sop6;20/11/2025 17:40:33;7;75;2A;1;28;27;22;14
3693_20251229_Planeamiento.pdf;3693;AK 14 X CL 13A S;3605;SEMA_3693_VersiónPMT.sop6;20/11/2025 17:40:33;7;75;2B;1;28;27;19;14
3693_20251229_Planeamiento.pdf;3693;AK 14 X CL 13A S;3605;SEMA_3693_VersiónPMT.sop6;20/11/2025 17:40:33;7;75;5;36;67;31;26;14
3693_20251229_Planeamiento.pdf;3693;AK 14 X CL 13A S;3605;SEMA_3693_VersiónPMT.sop6;20/11/2025 17:40:33;7;75;94;34;72;38;33;14
3693_20251229_Planeamiento.pdf;3693;AK 14 X CL 13A S;3605;SEMA_3693_VersiónPMT.sop6;20/11/2025 17:40:33;7;75;22;37;60;23;16;14
3693_20251229_Planeamiento.pdf;3693;AK 14 X CL 13A S;3605;SEMA_3693_VersiónPMT.sop6;20/11/2025 17:40:33;7;75;294;1;27;26;19;14
3693_20251229_Planeamiento.pdf;3693;AK 14 X CL 13A S;3605;SEMA_3693_VersiónPMT.sop6;20/11/2025 17:40:33;7;75;31;39;57;18;11;14
3693_20251229_Planeamiento.pdf;3693;AK 14 X CL 13A S;3605;SEMA_3693_VersiónPMT.sop6;20/11/2025 17:40:33;7;75;35;3;28;25;18;14
3693_20251229_Planeamiento.pdf;3693;AK 14 X CL 13A S;3605;SEMA_3693_VersiónPMT.sop6;20/11/2025 17:40:33;8;60;1A;8;23;15;10;15
3693_20251229_Planeamiento.pdf;3693;AK 14 X CL 13A S;3605;SEMA_3693_VersiónPMT.sop6;20/11/2025 17:40:33;8;60;1B;8;23;15;7;15
3693_20251229_Planeamiento.pdf;3693;AK 14 X CL 13A S;3605;SEMA_3693_VersiónPMT.sop6;20/11/2025 17:40:33;8;60;2A;8;23;15;10;15
3693_20251229_Planeamiento.pdf;3693;AK 14 X CL 13A S;3605;SEMA_3693_VersiónPMT.sop6;20/11/2025 17:40:33;8;60;2B;8;23;15;7;15
3693_20251229_Planeamiento.pdf;3693;AK 14 X CL 13A S;3605;SEMA_3693_VersiónPMT.sop6;20/11/2025 17:40:33;8;60;5;31;59;28;23;15
3693_20251229_Planeamiento.pdf;3693;AK 14 X CL 13A S;3605;SEMA_3693_VersiónPMT.sop6;20/11/2025 17:40:33;8;60;94;29;4;35;30;15
3693_20251229_Planeamiento.pdf;3693;AK 14 X CL 13A S;3605;SEMA_3693_VersiónPMT.sop6;20/11/2025 17:40:33;8;60;22;32;52;20;13;15
3693_20251229_Planeamiento.pdf;3693;AK 14 X CL 13A S;3605;SEMA_3693_VersiónPMT.sop6;20/11/2025 17:40:33;8;60;294;8;22;14;7;15
3693_20251229_Planeamiento.pdf;3693;AK 14 X CL 13A S;3605;SEMA_3693_VersiónPMT.sop6;20/11/2025 17:40:33;8;60;31;34;49;15;8;15
3693_20251229_Planeamiento.pdf;3693;AK 14 X CL 13A S;3605;SEMA_3693_VersiónPMT.sop6;20/11/2025 17:40:33;8;60;35;10;23;13;6;15
3693_20251229_Planeamiento.pdf;3693;AK 14 X CL 13A S;3605;SEMA_3693_VersiónPMT.sop6;20/11/2025 17:40:33;9;100;1A;89;33;44;39;16
3693_20251229_Planeamiento.pdf;3693;AK 14 X CL 13A S;3605;SEMA_3693_VersiónPMT.sop6;20/11/2025 17:40:33;9;100;1B;89;33;44;36;16
3693_20251229_Planeamiento.pdf;3693;AK 14 X CL 13A S;3605;SEMA_3693_VersiónPMT.sop6;20/11/2025 17:40:33;9;100;2A;89;33;44;39;16
3693_20251229_Planeamiento.pdf;3693;AK 14 X CL 13A S;3605;SEMA_3693_VersiónPMT.sop6;20/11/2025 17:40:33;9;100;2B;89;33;44;36;16
3693_20251229_Planeamiento.pdf;3693;AK 14 X CL 13A S;3605;SEMA_3693_VersiónPMT.sop6;20/11/2025 17:40:33;9;100;5;41;81;40;35;16
3693_20251229_Planeamiento.pdf;3693;AK 14 X CL 13A S;3605;SEMA_3693_VersiónPMT.sop6;20/11/2025 17:40:33;9;100;94;39;85;46;41;16
3693_20251229_Planeamiento.pdf;3693;AK 14 X CL 13A S;3605;SEMA_3693_VersiónPMT.sop6;20/11/2025 17:40:33;9;100;22;42;73;31;24;16
3693_20251229_Planeamiento.pdf;3693;AK 14 X CL 13A S;3605;SEMA_3693_VersiónPMT.sop6;20/11/2025 17:40:33;9;100;294;89;32;43;36;16
3693_20251229_Planeamiento.pdf;3693;AK 14 X CL 13A S;3605;SEMA_3693_VersiónPMT.sop6;20/11/2025 17:40:33;9;100;31;44;70;26;19;16
3693_20251229_Planeamiento.pdf;3693;AK 14 X CL 13A S;3605;SEMA_3693_VersiónPMT.sop6;20/11/2025 17:40:33;9;100;35;92;33;41;34;16
3693_20251229_Planeamiento.pdf;3693;AK 14 X CL 13A S;3605;SEMA_3693_VersiónPMT.sop6;20/11/2025 17:40:33;10;100;1A;97;47;50;45;17
3693_20251229_Planeamiento.pdf;3693;AK 14 X CL 13A S;3605;SEMA_3693_VersiónPMT.sop6;20/11/2025 17:40:33;10;100;1B;97;47;50;42;17
3693_20251229_Planeamiento.pdf;3693;AK 14 X CL 13A S;3605;SEMA_3693_VersiónPMT.sop6;20/11/2025 17:40:33;10;100;2A;97;47;50;45;17
3693_20251229_Planeamiento.pdf;3693;AK 14 X CL 13A S;3605;SEMA_3693_VersiónPMT.sop6;20/11/2025 17:40:33;10;100;2B;97;47;50;42;17
3693_20251229_Planeamiento.pdf;3693;AK 14 X CL 13A S;3605;SEMA_3693_VersiónPMT.sop6;20/11/2025 17:40:33;10;100;5;55;89;34;29;17
3693_20251229_Planeamiento.pdf;3693;AK 14 X CL 13A S;3605;SEMA_3693_VersiónPMT.sop6;20/11/2025 17:40:33;10;100;94;53;93;40;35;17
3693_20251229_Planeamiento.pdf;3693;AK 14 X CL 13A S;3605;SEMA_3693_VersiónPMT.sop6;20/11/2025 17:40:33;10;100;22;56;81;25;18;17
3693_20251229_Planeamiento.pdf;3693;AK 14 X CL 13A S;3605;SEMA_3693_VersiónPMT.sop6;20/11/2025 17:40:33;10;100;294;97;46;49;42;17
3693_20251229_Planeamiento.pdf;3693;AK 14 X CL 13A S;3605;SEMA_3693_VersiónPMT.sop6;20/11/2025 17:40:33;10;100;31;58;78;20;13;17
3693_20251229_Planeamiento.pdf;3693;AK 14 X CL 13A S;3605;SEMA_3693_VersiónPMT.sop6;20/11/2025 17:40:33;10;100;35;0;47;47;40;17
3693_20251229_Planeamiento.pdf;3693;AK 14 X CL 13A S;3605;SEMA_3693_VersiónPMT.sop6;20/11/2025 17:40:33;11;120;1A;20;79;59;54;18
3693_20251229_Planeamiento.pdf;3693;AK 14 X CL 13A S;3605;SEMA_3693_VersiónPMT.sop6;20/11/2025 17:40:33;11;120;1B;20;79;59;51;18
3693_20251229_Planeamiento.pdf;3693;AK 14 X CL 13A S;3605;SEMA_3693_VersiónPMT.sop6;20/11/2025 17:40:33;11;120;2A;20;79;59;54;18
3693_20251229_Planeamiento.pdf;3693;AK 14 X CL 13A S;3605;SEMA_3693_VersiónPMT.sop6;20/11/2025 17:40:33;11;120;2B;20;79;59;51;18
3693_20251229_Planeamiento.pdf;3693;AK 14 X CL 13A S;3605;SEMA_3693_VersiónPMT.sop6;20/11/2025 17:40:33;11;120;5;87;12;45;40;18
3693_20251229_Planeamiento.pdf;3693;AK 14 X CL 13A S;3605;SEMA_3693_VersiónPMT.sop6;20/11/2025 17:40:33;11;120;94;85;16;51;46;18
3693_20251229_Planeamiento.pdf;3693;AK 14 X CL 13A S;3605;SEMA_3693_VersiónPMT.sop6;20/11/2025 17:40:33;11;120;22;88;4;36;29;18
3693_20251229_Planeamiento.pdf;3693;AK 14 X CL 13A S;3605;SEMA_3693_VersiónPMT.sop6;20/11/2025 17:40:33;11;120;294;20;78;58;51;18
3693_20251229_Planeamiento.pdf;3693;AK 14 X CL 13A S;3605;SEMA_3693_VersiónPMT.sop6;20/11/2025 17:40:33;11;120;31;90;1;31;24;18
3693_20251229_Planeamiento.pdf;3693;AK 14 X CL 13A S;3605;SEMA_3693_VersiónPMT.sop6;20/11/2025 17:40:33;11;120;35;23;79;56;49;18
3693_20251229_Planeamiento.pdf;3693;AK 14 X CL 13A S;3605;SEMA_3693_VersiónPMT.sop6;20/11/2025 17:40:33;12;120;1A;58;0;62;57;19
3693_20251229_Planeamiento.pdf;3693;AK 14 X CL 13A S;3605;SEMA_3693_VersiónPMT.sop6;20/11/2025 17:40:33;12;120;1B;58;0;62;54;19
3693_20251229_Planeamiento.pdf;3693;AK 14 X CL 13A S;3605;SEMA_3693_VersiónPMT.sop6;20/11/2025 17:40:33;12;120;2A;58;0;62;57;19
3693_20251229_Planeamiento.pdf;3693;AK 14 X CL 13A S;3605;SEMA_3693_VersiónPMT.sop6;20/11/2025 17:40:33;12;120;2B;58;0;62;54;19
3693_20251229_Planeamiento.pdf;3693;AK 14 X CL 13A S;3605;SEMA_3693_VersiónPMT.sop6;20/11/2025 17:40:33;12;120;5;8;50;42;37;19
3693_20251229_Planeamiento.pdf;3693;AK 14 X CL 13A S;3605;SEMA_3693_VersiónPMT.sop6;20/11/2025 17:40:33;12;120;94;6;54;48;43;19
3693_20251229_Planeamiento.pdf;3693;AK 14 X CL 13A S;3605;SEMA_3693_VersiónPMT.sop6;20/11/2025 17:40:33;12;120;22;9;42;33;26;19
3693_20251229_Planeamiento.pdf;3693;AK 14 X CL 13A S;3605;SEMA_3693_VersiónPMT.sop6;20/11/2025 17:40:33;12;120;294;58;119;61;54;19
3693_20251229_Planeamiento.pdf;3693;AK 14 X CL 13A S;3605;SEMA_3693_VersiónPMT.sop6;20/11/2025 17:40:33;12;120;31;11;39;28;21;19
3693_20251229_Planeamiento.pdf;3693;AK 14 X CL 13A S;3605;SEMA_3693_VersiónPMT.sop6;20/11/2025 17:40:33;12;120;35;61;0;59;52;19
3693_20251229_Planeamiento.pdf;3693;AK 14 X CL 13A S;3605;SEMA_3693_VersiónPMT.sop6;20/11/2025 17:40:33;13;120;1A;44;111;67;62;20
3693_20251229_Planeamiento.pdf;3693;AK 14 X CL 13A S;3605;SEMA_3693_VersiónPMT.sop6;20/11/2025 17:40:33;13;120;1B;44;111;67;59;20
3693_20251229_Planeamiento.pdf;3693;AK 14 X CL 13A S;3605;SEMA_3693_VersiónPMT.sop6;20/11/2025 17:40:33;13;120;2A;44;111;67;62;20
3693_20251229_Planeamiento.pdf;3693;AK 14 X CL 13A S;3605;SEMA_3693_VersiónPMT.sop6;20/11/2025 17:40:33;13;120;2B;44;111;67;59;20
3693_20251229_Planeamiento.pdf;3693;AK 14 X CL 13A S;3605;SEMA_3693_VersiónPMT.sop6;20/11/2025 17:40:33;13;120;5;119;36;37;32;20
3693_20251229_Planeamiento.pdf;3693;AK 14 X CL 13A S;3605;SEMA_3693_VersiónPMT.sop6;20/11/2025 17:40:33;13;120;94;117;40;43;38;20
3693_20251229_Planeamiento.pdf;3693;AK 14 X CL 13A S;3605;SEMA_3693_VersiónPMT.sop6;20/11/2025 17:40:33;13;120;22;0;28;28;21;20
3693_20251229_Planeamiento.pdf;3693;AK 14 X CL 13A S;3605;SEMA_3693_VersiónPMT.sop6;20/11/2025 17:40:33;13;120;294;44;110;66;59;20
3693_20251229_Planeamiento.pdf;3693;AK 14 X CL 13A S;3605;SEMA_3693_VersiónPMT.sop6;20/11/2025 17:40:33;13;120;31;2;25;23;16;20
3693_20251229_Planeamiento.pdf;3693;AK 14 X CL 13A S;3605;SEMA_3693_VersiónPMT.sop6;20/11/2025 17:40:33;13;120;35;47;111;64;57;20
3082_20251024_Planeamiento_SCC.pdf;3082;KR 12D X CL 28C S;3617;SEMA_3082_Versión1.sop6;06/03/2025 6:50:07;1;90;1;61;89;28;23;8
3082_20251024_Planeamiento_SCC.pdf;3082;KR 12D X CL 28C S;3617;SEMA_3082_Versión1.sop6;06/03/2025 6:50:07;1;90;3;3;35;32;27;8
3082_20251024_Planeamiento_SCC.pdf;3082;KR 12D X CL 28C S;3617;SEMA_3082_Versión1.sop6;06/03/2025 6:50:07;1;90;21;4;55;51;44;8
3082_20251024_Planeamiento_SCC.pdf;3082;KR 12D X CL 28C S;3617;SEMA_3082_Versión1.sop6;06/03/2025 6:50:07;1;90;23;39;88;49;42;8
3082_20251024_Planeamiento_SCC.pdf;3082;KR 12D X CL 28C S;3617;SEMA_3082_Versión1.sop6;06/03/2025 6:50:07;1;90;721;0;0;0;;8
3082_20251024_Planeamiento_SCC.pdf;3082;KR 12D X CL 28C S;3617;SEMA_3082_Versión1.sop6;06/03/2025 6:50:07;1;90;723;0;0;0;;8
3082_20251024_Planeamiento_SCC.pdf;3082;KR 12D X CL 28C S;3617;SEMA_3082_Versión1.sop6;06/03/2025 6:50:07;1;90;3A;10;36;26;21;8
3082_20251024_Planeamiento_SCC.pdf;3082;KR 12D X CL 28C S;3617;SEMA_3082_Versión1.sop6;06/03/2025 6:50:07;1;90;11;68;6;28;23;8
3082_20251024_Planeamiento_SCC.pdf;3082;KR 12D X CL 28C S;3617;SEMA_3082_Versión1.sop6;06/03/2025 6:50:07;1;90;23A;43;5;52;45;8
3082_20251024_Planeamiento_SCC.pdf;3082;KR 12D X CL 28C S;3617;SEMA_3082_Versión1.sop6;06/03/2025 6:50:07;1;90;723A;0;0;0;;8
3082_20251024_Planeamiento_SCC.pdf;3082;KR 12D X CL 28C S;3617;SEMA_3082_Versión1.sop6;06/03/2025 6:50:07;1;90;2;43;63;20;15;8
3082_20251024_Planeamiento_SCC.pdf;3082;KR 12D X CL 28C S;3617;SEMA_3082_Versión1.sop6;06/03/2025 6:50:07;1;90;4;10;33;23;18;8
3082_20251024_Planeamiento_SCC.pdf;3082;KR 12D X CL 28C S;3617;SEMA_3082_Versión1.sop6;06/03/2025 6:50:07;1;90;22;12;34;22;15;8
3082_20251024_Planeamiento_SCC.pdf;3082;KR 12D X CL 28C S;3617;SEMA_3082_Versión1.sop6;06/03/2025 6:50:07;1;90;24;46;64;18;11;8
3082_20251024_Planeamiento_SCC.pdf;3082;KR 12D X CL 28C S;3617;SEMA_3082_Versión1.sop6;06/03/2025 6:50:07;1;90;722;0;0;0;;8
3082_20251024_Planeamiento_SCC.pdf;3082;KR 12D X CL 28C S;3617;SEMA_3082_Versión1.sop6;06/03/2025 6:50:07;1;90;724;0;0;0;;8
3082_20251024_Planeamiento_SCC.pdf;3082;KR 12D X CL 28C S;3617;SEMA_3082_Versión1.sop6;06/03/2025 6:50:07;1;90;12;50;75;25;20;8
3082_20251024_Planeamiento_SCC.pdf;3082;KR 12D X CL 28C S;3617;SEMA_3082_Versión1.sop6;06/03/2025 6:50:07;1;90;7;11;46;35;30;8
3082_20251024_Planeamiento_SCC.pdf;3082;KR 12D X CL 28C S;3617;SEMA_3082_Versión1.sop6;06/03/2025 6:50:07;1;90;312;81;7;16;9;8
3082_20251024_Planeamiento_SCC.pdf;3082;KR 12D X CL 28C S;3617;SEMA_3082_Versión1.sop6;06/03/2025 6:50:07;1;90;7312;0;0;0;;8
3082_20251024_Planeamiento_SCC.pdf;3082;KR 12D X CL 28C S;3617;SEMA_3082_Versión1.sop6;06/03/2025 6:50:07;2;120;1;56;97;41;36;9
3082_20251024_Planeamiento_SCC.pdf;3082;KR 12D X CL 28C S;3617;SEMA_3082_Versión1.sop6;06/03/2025 6:50:07;2;120;3;101;24;43;38;9
3082_20251024_Planeamiento_SCC.pdf;3082;KR 12D X CL 28C S;3617;SEMA_3082_Versión1.sop6;06/03/2025 6:50:07;2;120;21;102;50;68;61;9
3082_20251024_Planeamiento_SCC.pdf;3082;KR 12D X CL 28C S;3617;SEMA_3082_Versión1.sop6;06/03/2025 6:50:07;2;120;23;28;96;68;61;9
3082_20251024_Planeamiento_SCC.pdf;3082;KR 12D X CL 28C S;3617;SEMA_3082_Versión1.sop6;06/03/2025 6:50:07;2;120;721;0;0;0;;9
3082_20251024_Planeamiento_SCC.pdf;3082;KR 12D X CL 28C S;3617;SEMA_3082_Versión1.sop6;06/03/2025 6:50:07;2;120;723;0;0;0;;9
3082_20251024_Planeamiento_SCC.pdf;3082;KR 12D X CL 28C S;3617;SEMA_3082_Versión1.sop6;06/03/2025 6:50:07;2;120;3A;108;24;36;31;9
3082_20251024_Planeamiento_SCC.pdf;3082;KR 12D X CL 28C S;3617;SEMA_3082_Versión1.sop6;06/03/2025 6:50:07;2;120;11;63;104;41;36;9
3082_20251024_Planeamiento_SCC.pdf;3082;KR 12D X CL 28C S;3617;SEMA_3082_Versión1.sop6;06/03/2025 6:50:07;2;120;23A;32;103;71;64;9
3082_20251024_Planeamiento_SCC.pdf;3082;KR 12D X CL 28C S;3617;SEMA_3082_Versión1.sop6;06/03/2025 6:50:07;2;120;723A;0;0;0;;9
3082_20251024_Planeamiento_SCC.pdf;3082;KR 12D X CL 28C S;3617;SEMA_3082_Versión1.sop6;06/03/2025 6:50:07;2;120;2;32;58;26;21;9
3082_20251024_Planeamiento_SCC.pdf;3082;KR 12D X CL 28C S;3617;SEMA_3082_Versión1.sop6;06/03/2025 6:50:07;2;120;4;108;20;32;27;9
3082_20251024_Planeamiento_SCC.pdf;3082;KR 12D X CL 28C S;3617;SEMA_3082_Versión1.sop6;06/03/2025 6:50:07;2;120;22;110;21;31;24;9
3082_20251024_Planeamiento_SCC.pdf;3082;KR 12D X CL 28C S;3617;SEMA_3082_Versión1.sop6;06/03/2025 6:50:07;2;120;24;34;59;25;18;9
3082_20251024_Planeamiento_SCC.pdf;3082;KR 12D X CL 28C S;3617;SEMA_3082_Versión1.sop6;06/03/2025 6:50:07;2;120;722;0;0;0;;9
3082_20251024_Planeamiento_SCC.pdf;3082;KR 12D X CL 28C S;3617;SEMA_3082_Versión1.sop6;06/03/2025 6:50:07;2;120;724;0;0;0;;9
3082_20251024_Planeamiento_SCC.pdf;3082;KR 12D X CL 28C S;3617;SEMA_3082_Versión1.sop6;06/03/2025 6:50:07;2;120;12;39;83;44;39;9
3082_20251024_Planeamiento_SCC.pdf;3082;KR 12D X CL 28C S;3617;SEMA_3082_Versión1.sop6;06/03/2025 6:50:07;2;120;7;109;35;46;41;9
3082_20251024_Planeamiento_SCC.pdf;3082;KR 12D X CL 28C S;3617;SEMA_3082_Versión1.sop6;06/03/2025 6:50:07;2;120;312;89;105;16;9;9
3082_20251024_Planeamiento_SCC.pdf;3082;KR 12D X CL 28C S;3617;SEMA_3082_Versión1.sop6;06/03/2025 6:50:07;2;120;7312;0;0;0;;9
3082_20251024_Planeamiento_SCC.pdf;3082;KR 12D X CL 28C S;3617;SEMA_3082_Versión1.sop6;06/03/2025 6:50:07;3;120;1;84;2;38;33;10
3082_20251024_Planeamiento_SCC.pdf;3082;KR 12D X CL 28C S;3617;SEMA_3082_Versión1.sop6;06/03/2025 6:50:07;3;120;3;6;48;42;37;10
3082_20251024_Planeamiento_SCC.pdf;3082;KR 12D X CL 28C S;3617;SEMA_3082_Versión1.sop6;06/03/2025 6:50:07;3;120;21;7;78;71;64;10
3082_20251024_Planeamiento_SCC.pdf;3082;KR 12D X CL 28C S;3617;SEMA_3082_Versión1.sop6;06/03/2025 6:50:07;3;120;23;52;1;69;62;10
3082_20251024_Planeamiento_SCC.pdf;3082;KR 12D X CL 28C S;3617;SEMA_3082_Versión1.sop6;06/03/2025 6:50:07;3;120;721;0;0;0;;10
3082_20251024_Planeamiento_SCC.pdf;3082;KR 12D X CL 28C S;3617;SEMA_3082_Versión1.sop6;06/03/2025 6:50:07;3;120;723;0;0;0;;10
3082_20251024_Planeamiento_SCC.pdf;3082;KR 12D X CL 28C S;3617;SEMA_3082_Versión1.sop6;06/03/2025 6:50:07;3;120;3A;13;49;36;31;10
3082_20251024_Planeamiento_SCC.pdf;3082;KR 12D X CL 28C S;3617;SEMA_3082_Versión1.sop6;06/03/2025 6:50:07;3;120;11;91;9;38;33;10
3082_20251024_Planeamiento_SCC.pdf;3082;KR 12D X CL 28C S;3617;SEMA_3082_Versión1.sop6;06/03/2025 6:50:07;3;120;23A;55;8;73;66;10
3082_20251024_Planeamiento_SCC.pdf;3082;KR 12D X CL 28C S;3617;SEMA_3082_Versión1.sop6;06/03/2025 6:50:07;3;120;723A;0;0;0;;10
3082_20251024_Planeamiento_SCC.pdf;3082;KR 12D X CL 28C S;3617;SEMA_3082_Versión1.sop6;06/03/2025 6:50:07;3;120;2;57;86;29;24;10
3082_20251024_Planeamiento_SCC.pdf;3082;KR 12D X CL 28C S;3617;SEMA_3082_Versión1.sop6;06/03/2025 6:50:07;3;120;4;13;45;32;27;10
3082_20251024_Planeamiento_SCC.pdf;3082;KR 12D X CL 28C S;3617;SEMA_3082_Versión1.sop6;06/03/2025 6:50:07;3;120;22;15;46;31;24;10
3082_20251024_Planeamiento_SCC.pdf;3082;KR 12D X CL 28C S;3617;SEMA_3082_Versión1.sop6;06/03/2025 6:50:07;3;120;24;59;87;28;21;10
3082_20251024_Planeamiento_SCC.pdf;3082;KR 12D X CL 28C S;3617;SEMA_3082_Versión1.sop6;06/03/2025 6:50:07;3;120;722;0;0;0;;10
3082_20251024_Planeamiento_SCC.pdf;3082;KR 12D X CL 28C S;3617;SEMA_3082_Versión1.sop6;06/03/2025 6:50:07;3;120;724;0;0;0;;10
3082_20251024_Planeamiento_SCC.pdf;3082;KR 12D X CL 28C S;3617;SEMA_3082_Versión1.sop6;06/03/2025 6:50:07;3;120;12;63;108;45;40;10
3082_20251024_Planeamiento_SCC.pdf;3082;KR 12D X CL 28C S;3617;SEMA_3082_Versión1.sop6;06/03/2025 6:50:07;3;120;7;14;59;45;40;10
3082_20251024_Planeamiento_SCC.pdf;3082;KR 12D X CL 28C S;3617;SEMA_3082_Versión1.sop6;06/03/2025 6:50:07;3;120;312;114;10;16;9;10
3082_20251024_Planeamiento_SCC.pdf;3082;KR 12D X CL 28C S;3617;SEMA_3082_Versión1.sop6;06/03/2025 6:50:07;3;120;7312;0;0;0;;10
3082_20251024_Planeamiento_SCC.pdf;3082;KR 12D X CL 28C S;3617;SEMA_3082_Versión1.sop6;06/03/2025 6:50:07;4;120;1;69;110;41;36;11
3082_20251024_Planeamiento_SCC.pdf;3082;KR 12D X CL 28C S;3617;SEMA_3082_Versión1.sop6;06/03/2025 6:50:07;4;120;3;114;37;43;38;11
3082_20251024_Planeamiento_SCC.pdf;3082;KR 12D X CL 28C S;3617;SEMA_3082_Versión1.sop6;06/03/2025 6:50:07;4;120;21;115;63;68;61;11
3082_20251024_Planeamiento_SCC.pdf;3082;KR 12D X CL 28C S;3617;SEMA_3082_Versión1.sop6;06/03/2025 6:50:07;4;120;23;41;109;68;61;11
3082_20251024_Planeamiento_SCC.pdf;3082;KR 12D X CL 28C S;3617;SEMA_3082_Versión1.sop6;06/03/2025 6:50:07;4;120;721;0;0;0;;11
3082_20251024_Planeamiento_SCC.pdf;3082;KR 12D X CL 28C S;3617;SEMA_3082_Versión1.sop6;06/03/2025 6:50:07;4;120;723;0;0;0;;11
3082_20251024_Planeamiento_SCC.pdf;3082;KR 12D X CL 28C S;3617;SEMA_3082_Versión1.sop6;06/03/2025 6:50:07;4;120;3A;1;37;36;31;11
3082_20251024_Planeamiento_SCC.pdf;3082;KR 12D X CL 28C S;3617;SEMA_3082_Versión1.sop6;06/03/2025 6:50:07;4;120;11;76;117;41;36;11
3082_20251024_Planeamiento_SCC.pdf;3082;KR 12D X CL 28C S;3617;SEMA_3082_Versión1.sop6;06/03/2025 6:50:07;4;120;23A;43;116;73;66;11
3082_20251024_Planeamiento_SCC.pdf;3082;KR 12D X CL 28C S;3617;SEMA_3082_Versión1.sop6;06/03/2025 6:50:07;4;120;723A;0;0;0;;11
3082_20251024_Planeamiento_SCC.pdf;3082;KR 12D X CL 28C S;3617;SEMA_3082_Versión1.sop6;06/03/2025 6:50:07;4;120;2;45;71;26;21;11
3082_20251024_Planeamiento_SCC.pdf;3082;KR 12D X CL 28C S;3617;SEMA_3082_Versión1.sop6;06/03/2025 6:50:07;4;120;4;1;33;32;27;11
3082_20251024_Planeamiento_SCC.pdf;3082;KR 12D X CL 28C S;3617;SEMA_3082_Versión1.sop6;06/03/2025 6:50:07;4;120;22;3;34;31;24;11
3082_20251024_Planeamiento_SCC.pdf;3082;KR 12D X CL 28C S;3617;SEMA_3082_Versión1.sop6;06/03/2025 6:50:07;4;120;24;47;72;25;18;11
3082_20251024_Planeamiento_SCC.pdf;3082;KR 12D X CL 28C S;3617;SEMA_3082_Versión1.sop6;06/03/2025 6:50:07;4;120;722;0;0;0;;11
3082_20251024_Planeamiento_SCC.pdf;3082;KR 12D X CL 28C S;3617;SEMA_3082_Versión1.sop6;06/03/2025 6:50:07;4;120;724;0;0;0;;11
3082_20251024_Planeamiento_SCC.pdf;3082;KR 12D X CL 28C S;3617;SEMA_3082_Versión1.sop6;06/03/2025 6:50:07;4;120;12;52;96;44;39;11
3082_20251024_Planeamiento_SCC.pdf;3082;KR 12D X CL 28C S;3617;SEMA_3082_Versión1.sop6;06/03/2025 6:50:07;4;120;7;2;48;46;41;11
3082_20251024_Planeamiento_SCC.pdf;3082;KR 12D X CL 28C S;3617;SEMA_3082_Versión1.sop6;06/03/2025 6:50:07;4;120;312;102;118;16;9;11
3082_20251024_Planeamiento_SCC.pdf;3082;KR 12D X CL 28C S;3617;SEMA_3082_Versión1.sop6;06/03/2025 6:50:07;4;120;7312;0;0;0;;11
3082_20251024_Planeamiento_SCC.pdf;3082;KR 12D X CL 28C S;3617;SEMA_3082_Versión1.sop6;06/03/2025 6:50:07;5;120;1;72;108;36;31;12
3082_20251024_Planeamiento_SCC.pdf;3082;KR 12D X CL 28C S;3617;SEMA_3082_Versión1.sop6;06/03/2025 6:50:07;5;120;3;112;33;41;36;12
3082_20251024_Planeamiento_SCC.pdf;3082;KR 12D X CL 28C S;3617;SEMA_3082_Versión1.sop6;06/03/2025 6:50:07;5;120;21;113;66;73;66;12
3082_20251024_Planeamiento_SCC.pdf;3082;KR 12D X CL 28C S;3617;SEMA_3082_Versión1.sop6;06/03/2025 6:50:07;5;120;23;37;107;70;63;12
3082_20251024_Planeamiento_SCC.pdf;3082;KR 12D X CL 28C S;3617;SEMA_3082_Versión1.sop6;06/03/2025 6:50:07;5;120;721;0;0;0;;12
3082_20251024_Planeamiento_SCC.pdf;3082;KR 12D X CL 28C S;3617;SEMA_3082_Versión1.sop6;06/03/2025 6:50:07;5;120;723;0;0;0;;12
3082_20251024_Planeamiento_SCC.pdf;3082;KR 12D X CL 28C S;3617;SEMA_3082_Versión1.sop6;06/03/2025 6:50:07;5;120;3A;119;35;36;31;12
3082_20251024_Planeamiento_SCC.pdf;3082;KR 12D X CL 28C S;3617;SEMA_3082_Versión1.sop6;06/03/2025 6:50:07;5;120;11;79;115;36;31;12
3082_20251024_Planeamiento_SCC.pdf;3082;KR 12D X CL 28C S;3617;SEMA_3082_Versión1.sop6;06/03/2025 6:50:07;5;120;23A;41;114;73;66;12
3082_20251024_Planeamiento_SCC.pdf;3082;KR 12D X CL 28C S;3617;SEMA_3082_Versión1.sop6;06/03/2025 6:50:07;5;120;723A;0;0;0;;12
3082_20251024_Planeamiento_SCC.pdf;3082;KR 12D X CL 28C S;3617;SEMA_3082_Versión1.sop6;06/03/2025 6:50:07;5;120;2;43;74;31;26;12
3082_20251024_Planeamiento_SCC.pdf;3082;KR 12D X CL 28C S;3617;SEMA_3082_Versión1.sop6;06/03/2025 6:50:07;5;120;4;119;31;32;27;12
3082_20251024_Planeamiento_SCC.pdf;3082;KR 12D X CL 28C S;3617;SEMA_3082_Versión1.sop6;06/03/2025 6:50:07;5;120;22;1;32;31;24;12
3082_20251024_Planeamiento_SCC.pdf;3082;KR 12D X CL 28C S;3617;SEMA_3082_Versión1.sop6;06/03/2025 6:50:07;5;120;24;45;75;30;23;12
3082_20251024_Planeamiento_SCC.pdf;3082;KR 12D X CL 28C S;3617;SEMA_3082_Versión1.sop6;06/03/2025 6:50:07;5;120;722;0;0;0;;12
3082_20251024_Planeamiento_SCC.pdf;3082;KR 12D X CL 28C S;3617;SEMA_3082_Versión1.sop6;06/03/2025 6:50:07;5;120;724;0;0;0;;12
3082_20251024_Planeamiento_SCC.pdf;3082;KR 12D X CL 28C S;3617;SEMA_3082_Versión1.sop6;06/03/2025 6:50:07;5;120;12;48;94;46;41;12
3082_20251024_Planeamiento_SCC.pdf;3082;KR 12D X CL 28C S;3617;SEMA_3082_Versión1.sop6;06/03/2025 6:50:07;5;120;7;0;44;44;39;12
3082_20251024_Planeamiento_SCC.pdf;3082;KR 12D X CL 28C S;3617;SEMA_3082_Versión1.sop6;06/03/2025 6:50:07;5;120;312;100;116;16;9;12
3082_20251024_Planeamiento_SCC.pdf;3082;KR 12D X CL 28C S;3617;SEMA_3082_Versión1.sop6;06/03/2025 6:50:07;5;120;7312;0;0;0;;12
3082_20251024_Planeamiento_SCC.pdf;3082;KR 12D X CL 28C S;3617;SEMA_3082_Versión1.sop6;06/03/2025 6:50:07;6;100;1;72;4;32;27;13
3082_20251024_Planeamiento_SCC.pdf;3082;KR 12D X CL 28C S;3617;SEMA_3082_Versión1.sop6;06/03/2025 6:50:07;6;100;3;8;41;33;28;13
3082_20251024_Planeamiento_SCC.pdf;3082;KR 12D X CL 28C S;3617;SEMA_3082_Versión1.sop6;06/03/2025 6:50:07;6;100;21;9;66;57;50;13
3082_20251024_Planeamiento_SCC.pdf;3082;KR 12D X CL 28C S;3617;SEMA_3082_Versión1.sop6;06/03/2025 6:50:07;6;100;23;45;3;58;51;13
3082_20251024_Planeamiento_SCC.pdf;3082;KR 12D X CL 28C S;3617;SEMA_3082_Versión1.sop6;06/03/2025 6:50:07;6;100;721;0;0;0;;13
3082_20251024_Planeamiento_SCC.pdf;3082;KR 12D X CL 28C S;3617;SEMA_3082_Versión1.sop6;06/03/2025 6:50:07;6;100;723;0;0;0;;13
3082_20251024_Planeamiento_SCC.pdf;3082;KR 12D X CL 28C S;3617;SEMA_3082_Versión1.sop6;06/03/2025 6:50:07;6;100;3A;15;42;27;22;13
3082_20251024_Planeamiento_SCC.pdf;3082;KR 12D X CL 28C S;3617;SEMA_3082_Versión1.sop6;06/03/2025 6:50:07;6;100;11;79;11;32;27;13
3082_20251024_Planeamiento_SCC.pdf;3082;KR 12D X CL 28C S;3617;SEMA_3082_Versión1.sop6;06/03/2025 6:50:07;6;100;23A;48;10;62;55;13
3082_20251024_Planeamiento_SCC.pdf;3082;KR 12D X CL 28C S;3617;SEMA_3082_Versión1.sop6;06/03/2025 6:50:07;6;100;723A;0;0;0;;13
3082_20251024_Planeamiento_SCC.pdf;3082;KR 12D X CL 28C S;3617;SEMA_3082_Versión1.sop6;06/03/2025 6:50:07;6;100;2;50;74;24;19;13
3082_20251024_Planeamiento_SCC.pdf;3082;KR 12D X CL 28C S;3617;SEMA_3082_Versión1.sop6;06/03/2025 6:50:07;6;100;4;15;38;23;18;13
3082_20251024_Planeamiento_SCC.pdf;3082;KR 12D X CL 28C S;3617;SEMA_3082_Versión1.sop6;06/03/2025 6:50:07;6;100;22;17;39;22;15;13
3082_20251024_Planeamiento_SCC.pdf;3082;KR 12D X CL 28C S;3617;SEMA_3082_Versión1.sop6;06/03/2025 6:50:07;6;100;24;52;75;23;16;13
3082_20251024_Planeamiento_SCC.pdf;3082;KR 12D X CL 28C S;3617;SEMA_3082_Versión1.sop6;06/03/2025 6:50:07;6;100;722;0;0;0;;13
3082_20251024_Planeamiento_SCC.pdf;3082;KR 12D X CL 28C S;3617;SEMA_3082_Versión1.sop6;06/03/2025 6:50:07;6;100;724;0;0;0;;13
3082_20251024_Planeamiento_SCC.pdf;3082;KR 12D X CL 28C S;3617;SEMA_3082_Versión1.sop6;06/03/2025 6:50:07;6;100;12;56;90;34;29;13
3082_20251024_Planeamiento_SCC.pdf;3082;KR 12D X CL 28C S;3617;SEMA_3082_Versión1.sop6;06/03/2025 6:50:07;6;100;7;16;52;36;31;13
3082_20251024_Planeamiento_SCC.pdf;3082;KR 12D X CL 28C S;3617;SEMA_3082_Versión1.sop6;06/03/2025 6:50:07;6;100;312;96;12;16;9;13
3082_20251024_Planeamiento_SCC.pdf;3082;KR 12D X CL 28C S;3617;SEMA_3082_Versión1.sop6;06/03/2025 6:50:07;6;100;7312;0;0;0;;13
3082_20251024_Planeamiento_SCC.pdf;3082;KR 12D X CL 28C S;3617;SEMA_3082_Versión1.sop6;06/03/2025 6:50:07;7;90;1;36;68;32;27;14
3082_20251024_Planeamiento_SCC.pdf;3082;KR 12D X CL 28C S;3617;SEMA_3082_Versión1.sop6;06/03/2025 6:50:07;7;90;3;72;11;29;24;14
3082_20251024_Planeamiento_SCC.pdf;3082;KR 12D X CL 28C S;3617;SEMA_3082_Versión1.sop6;06/03/2025 6:50:07;7;90;21;73;30;47;40;14
3082_20251024_Planeamiento_SCC.pdf;3082;KR 12D X CL 28C S;3617;SEMA_3082_Versión1.sop6;06/03/2025 6:50:07;7;90;23;15;67;52;45;14
3082_20251024_Planeamiento_SCC.pdf;3082;KR 12D X CL 28C S;3617;SEMA_3082_Versión1.sop6;06/03/2025 6:50:07;7;90;721;0;0;0;;14
3082_20251024_Planeamiento_SCC.pdf;3082;KR 12D X CL 28C S;3617;SEMA_3082_Versión1.sop6;06/03/2025 6:50:07;7;90;723;0;0;0;;14
3082_20251024_Planeamiento_SCC.pdf;3082;KR 12D X CL 28C S;3617;SEMA_3082_Versión1.sop6;06/03/2025 6:50:07;7;90;3A;79;12;23;18;14
3082_20251024_Planeamiento_SCC.pdf;3082;KR 12D X CL 28C S;3617;SEMA_3082_Versión1.sop6;06/03/2025 6:50:07;7;90;11;43;75;32;27;14
3082_20251024_Planeamiento_SCC.pdf;3082;KR 12D X CL 28C S;3617;SEMA_3082_Versión1.sop6;06/03/2025 6:50:07;7;90;23A;19;74;55;48;14
3082_20251024_Planeamiento_SCC.pdf;3082;KR 12D X CL 28C S;3617;SEMA_3082_Versión1.sop6;06/03/2025 6:50:07;7;90;723A;0;0;0;;14
3082_20251024_Planeamiento_SCC.pdf;3082;KR 12D X CL 28C S;3617;SEMA_3082_Versión1.sop6;06/03/2025 6:50:07;7;90;2;19;38;19;14;14
3082_20251024_Planeamiento_SCC.pdf;3082;KR 12D X CL 28C S;3617;SEMA_3082_Versión1.sop6;06/03/2025 6:50:07;7;90;4;79;9;20;15;14
3082_20251024_Planeamiento_SCC.pdf;3082;KR 12D X CL 28C S;3617;SEMA_3082_Versión1.sop6;06/03/2025 6:50:07;7;90;22;81;10;19;12;14
3082_20251024_Planeamiento_SCC.pdf;3082;KR 12D X CL 28C S;3617;SEMA_3082_Versión1.sop6;06/03/2025 6:50:07;7;90;24;22;39;17;10;14
3082_20251024_Planeamiento_SCC.pdf;3082;KR 12D X CL 28C S;3617;SEMA_3082_Versión1.sop6;06/03/2025 6:50:07;7;90;722;0;0;0;;14
3082_20251024_Planeamiento_SCC.pdf;3082;KR 12D X CL 28C S;3617;SEMA_3082_Versión1.sop6;06/03/2025 6:50:07;7;90;724;0;0;0;;14
3082_20251024_Planeamiento_SCC.pdf;3082;KR 12D X CL 28C S;3617;SEMA_3082_Versión1.sop6;06/03/2025 6:50:07;7;90;12;26;54;28;23;14
3082_20251024_Planeamiento_SCC.pdf;3082;KR 12D X CL 28C S;3617;SEMA_3082_Versión1.sop6;06/03/2025 6:50:07;7;90;7;80;22;32;27;14
3082_20251024_Planeamiento_SCC.pdf;3082;KR 12D X CL 28C S;3617;SEMA_3082_Versión1.sop6;06/03/2025 6:50:07;7;90;312;60;76;16;9;14
3082_20251024_Planeamiento_SCC.pdf;3082;KR 12D X CL 28C S;3617;SEMA_3082_Versión1.sop6;06/03/2025 6:50:07;7;90;7312;0;0;0;;14
2935_20250430_Planeamiento.pdf;2935;KR 104 X DG 16;2401;SEMA_2935_Versión1.sop6;28/03/2025 15:05;1;120;2;38;63;25;20;8
2935_20250430_Planeamiento.pdf;2935;KR 104 X DG 16;2401;SEMA_2935_Versión1.sop6;28/03/2025 15:05;1;120;3;70;30;80;75;8
2935_20250430_Planeamiento.pdf;2935;KR 104 X DG 16;2401;SEMA_2935_Versión1.sop6;28/03/2025 15:05;1;120;4;72;33;81;76;8
2935_20250430_Planeamiento.pdf;2935;KR 104 X DG 16;2401;SEMA_2935_Versión1.sop6;28/03/2025 15:05;1;120;22;68;22;74;67;8
2935_20250430_Planeamiento.pdf;2935;KR 104 X DG 16;2401;SEMA_2935_Versión1.sop6;28/03/2025 15:05;1;120;24;38;62;24;17;8
2935_20250430_Planeamiento.pdf;2935;KR 104 X DG 16;2401;SEMA_2935_Versión1.sop6;28/03/2025 15:05;1;120;32;73;34;81;74;8
2935_20250430_Planeamiento.pdf;2935;KR 104 X DG 16;2401;SEMA_2935_Versión1.sop6;28/03/2025 15:05;1;120;33;38;62;24;17;8
2935_20250430_Planeamiento.pdf;2935;KR 104 X DG 16;2401;SEMA_2935_Versión1.sop6;28/03/2025 15:05;2;120;2;59;96;37;32;9
2935_20250430_Planeamiento.pdf;2935;KR 104 X DG 16;2401;SEMA_2935_Versión1.sop6;28/03/2025 15:05;2;120;3;103;51;68;63;9
2935_20250430_Planeamiento.pdf;2935;KR 104 X DG 16;2401;SEMA_2935_Versión1.sop6;28/03/2025 15:05;2;120;4;105;54;69;64;9
2935_20250430_Planeamiento.pdf;2935;KR 104 X DG 16;2401;SEMA_2935_Versión1.sop6;28/03/2025 15:05;2;120;22;101;43;62;55;9
2935_20250430_Planeamiento.pdf;2935;KR 104 X DG 16;2401;SEMA_2935_Versión1.sop6;28/03/2025 15:05;2;120;24;59;95;36;29;9
2935_20250430_Planeamiento.pdf;2935;KR 104 X DG 16;2401;SEMA_2935_Versión1.sop6;28/03/2025 15:05;2;120;32;106;55;69;62;9
2935_20250430_Planeamiento.pdf;2935;KR 104 X DG 16;2401;SEMA_2935_Versión1.sop6;28/03/2025 15:05;2;120;33;59;95;36;29;9
2935_20250430_Planeamiento.pdf;2935;KR 104 X DG 16;2401;SEMA_2935_Versión1.sop6;28/03/2025 15:05;3;120;2;58;92;34;29;10
2935_20250430_Planeamiento.pdf;2935;KR 104 X DG 16;2401;SEMA_2935_Versión1.sop6;28/03/2025 15:05;3;120;3;99;50;71;66;10
2935_20250430_Planeamiento.pdf;2935;KR 104 X DG 16;2401;SEMA_2935_Versión1.sop6;28/03/2025 15:05;3;120;4;101;53;72;67;10
2935_20250430_Planeamiento.pdf;2935;KR 104 X DG 16;2401;SEMA_2935_Versión1.sop6;28/03/2025 15:05;3;120;22;97;42;65;58;10
2935_20250430_Planeamiento.pdf;2935;KR 104 X DG 16;2401;SEMA_2935_Versión1.sop6;28/03/2025 15:05;3;120;24;58;91;33;26;10
2935_20250430_Planeamiento.pdf;2935;KR 104 X DG 16;2401;SEMA_2935_Versión1.sop6;28/03/2025 15:05;3;120;32;102;54;72;65;10
2935_20250430_Planeamiento.pdf;2935;KR 104 X DG 16;2401;SEMA_2935_Versión1.sop6;28/03/2025 15:05;3;120;33;58;91;33;26;10
2935_20250430_Planeamiento.pdf;2935;KR 104 X DG 16;2401;SEMA_2935_Versión1.sop6;28/03/2025 15:05;4;120;2;112;32;40;35;11
2935_20250430_Planeamiento.pdf;2935;KR 104 X DG 16;2401;SEMA_2935_Versión1.sop6;28/03/2025 15:05;4;120;3;39;104;65;60;11
2935_20250430_Planeamiento.pdf;2935;KR 104 X DG 16;2401;SEMA_2935_Versión1.sop6;28/03/2025 15:05;4;120;4;41;107;66;61;11
2935_20250430_Planeamiento.pdf;2935;KR 104 X DG 16;2401;SEMA_2935_Versión1.sop6;28/03/2025 15:05;4;120;22;37;96;59;52;11
2935_20250430_Planeamiento.pdf;2935;KR 104 X DG 16;2401;SEMA_2935_Versión1.sop6;28/03/2025 15:05;4;120;24;112;31;39;32;11
2935_20250430_Planeamiento.pdf;2935;KR 104 X DG 16;2401;SEMA_2935_Versión1.sop6;28/03/2025 15:05;4;120;32;42;108;66;59;11
2935_20250430_Planeamiento.pdf;2935;KR 104 X DG 16;2401;SEMA_2935_Versión1.sop6;28/03/2025 15:05;4;120;33;112;31;39;32;11
2935_20250430_Planeamiento.pdf;2935;KR 104 X DG 16;2401;SEMA_2935_Versión1.sop6;28/03/2025 15:05;5;100;2;86;8;22;17;12
2935_20250430_Planeamiento.pdf;2935;KR 104 X DG 16;2401;SEMA_2935_Versión1.sop6;28/03/2025 15:05;5;100;3;15;78;63;58;12
2935_20250430_Planeamiento.pdf;2935;KR 104 X DG 16;2401;SEMA_2935_Versión1.sop6;28/03/2025 15:05;5;100;4;17;81;64;59;12
2935_20250430_Planeamiento.pdf;2935;KR 104 X DG 16;2401;SEMA_2935_Versión1.sop6;28/03/2025 15:05;5;100;22;13;70;57;50;12
2935_20250430_Planeamiento.pdf;2935;KR 104 X DG 16;2401;SEMA_2935_Versión1.sop6;28/03/2025 15:05;5;100;24;86;7;21;14;12
2935_20250430_Planeamiento.pdf;2935;KR 104 X DG 16;2401;SEMA_2935_Versión1.sop6;28/03/2025 15:05;5;100;32;18;82;64;57;12
2935_20250430_Planeamiento.pdf;2935;KR 104 X DG 16;2401;SEMA_2935_Versión1.sop6;28/03/2025 15:05;5;100;33;86;7;21;14;12
2935_20250430_Planeamiento.pdf;2935;KR 104 X DG 16;2401;SEMA_2935_Versión1.sop6;28/03/2025 15:05;6;90;2;58;80;22;17;13
2935_20250430_Planeamiento.pdf;2935;KR 104 X DG 16;2401;SEMA_2935_Versión1.sop6;28/03/2025 15:05;6;90;3;87;50;53;48;13
2935_20250430_Planeamiento.pdf;2935;KR 104 X DG 16;2401;SEMA_2935_Versión1.sop6;28/03/2025 15:05;6;90;4;89;53;54;49;13
2935_20250430_Planeamiento.pdf;2935;KR 104 X DG 16;2401;SEMA_2935_Versión1.sop6;28/03/2025 15:05;6;90;22;85;42;47;40;13
2935_20250430_Planeamiento.pdf;2935;KR 104 X DG 16;2401;SEMA_2935_Versión1.sop6;28/03/2025 15:05;6;90;24;58;79;21;14;13
2935_20250430_Planeamiento.pdf;2935;KR 104 X DG 16;2401;SEMA_2935_Versión1.sop6;28/03/2025 15:05;6;90;32;0;54;54;47;13
2935_20250430_Planeamiento.pdf;2935;KR 104 X DG 16;2401;SEMA_2935_Versión1.sop6;28/03/2025 15:05;6;90;33;58;79;21;14;13
2935_20250430_Planeamiento.pdf;2935;KR 104 X DG 16;2401;SEMA_2935_Versión1.sop6;28/03/2025 15:05;7;75;2;64;8;19;14;14
2935_20250430_Planeamiento.pdf;2935;KR 104 X DG 16;2401;SEMA_2935_Versión1.sop6;28/03/2025 15:05;7;75;3;15;56;41;36;14
2935_20250430_Planeamiento.pdf;2935;KR 104 X DG 16;2401;SEMA_2935_Versión1.sop6;28/03/2025 15:05;7;75;4;17;59;42;37;14
2935_20250430_Planeamiento.pdf;2935;KR 104 X DG 16;2401;SEMA_2935_Versión1.sop6;28/03/2025 15:05;7;75;22;13;48;35;28;14
2935_20250430_Planeamiento.pdf;2935;KR 104 X DG 16;2401;SEMA_2935_Versión1.sop6;28/03/2025 15:05;7;75;24;64;7;18;11;14
2935_20250430_Planeamiento.pdf;2935;KR 104 X DG 16;2401;SEMA_2935_Versión1.sop6;28/03/2025 15:05;7;75;32;18;60;42;35;14
2935_20250430_Planeamiento.pdf;2935;KR 104 X DG 16;2401;SEMA_2935_Versión1.sop6;28/03/2025 15:05;7;75;33;64;7;18;11;14
2935_20250430_Planeamiento.pdf;2935;KR 104 X DG 16;2401;SEMA_2935_Versión1.sop6;28/03/2025 15:05;8;105;2;51;81;30;25;15
2935_20250430_Planeamiento.pdf;2935;KR 104 X DG 16;2401;SEMA_2935_Versión1.sop6;28/03/2025 15:05;8;105;3;88;43;60;55;15
2935_20250430_Planeamiento.pdf;2935;KR 104 X DG 16;2401;SEMA_2935_Versión1.sop6;28/03/2025 15:05;8;105;4;90;46;61;56;15
2935_20250430_Planeamiento.pdf;2935;KR 104 X DG 16;2401;SEMA_2935_Versión1.sop6;28/03/2025 15:05;8;105;22;86;35;54;47;15
2935_20250430_Planeamiento.pdf;2935;KR 104 X DG 16;2401;SEMA_2935_Versión1.sop6;28/03/2025 15:05;8;105;24;51;80;29;22;15
2935_20250430_Planeamiento.pdf;2935;KR 104 X DG 16;2401;SEMA_2935_Versión1.sop6;28/03/2025 15:05;8;105;32;91;47;61;54;15
2935_20250430_Planeamiento.pdf;2935;KR 104 X DG 16;2401;SEMA_2935_Versión1.sop6;28/03/2025 15:05;8;105;33;51;80;29;22;15
2935_20250430_Planeamiento.pdf;2935;KR 104 X DG 16;2401;SEMA_2935_Versión1.sop6;28/03/2025 15:05;9;105;2;5;38;33;28;16
2935_20250430_Planeamiento.pdf;2935;KR 104 X DG 16;2401;SEMA_2935_Versión1.sop6;28/03/2025 15:05;9;105;3;45;102;57;52;16
2935_20250430_Planeamiento.pdf;2935;KR 104 X DG 16;2401;SEMA_2935_Versión1.sop6;28/03/2025 15:05;9;105;4;47;0;58;53;16
2935_20250430_Planeamiento.pdf;2935;KR 104 X DG 16;2401;SEMA_2935_Versión1.sop6;28/03/2025 15:05;9;105;22;43;94;51;44;16
2935_20250430_Planeamiento.pdf;2935;KR 104 X DG 16;2401;SEMA_2935_Versión1.sop6;28/03/2025 15:05;9;105;24;5;37;32;25;16
2935_20250430_Planeamiento.pdf;2935;KR 104 X DG 16;2401;SEMA_2935_Versión1.sop6;28/03/2025 15:05;9;105;32;48;1;58;51;16
2935_20250430_Planeamiento.pdf;2935;KR 104 X DG 16;2401;SEMA_2935_Versión1.sop6;28/03/2025 15:05;9;105;33;5;37;32;25;16
3115_20250720_Planeamiento_SCC.pdf;3115;KR 51 X AC 26 S;3522;SEMA_3115_VersiónPMT.sop6;09/06/2025 11:47:55;1;N/A;3;50;15;65;60;8
3115_20250720_Planeamiento_SCC.pdf;3115;KR 51 X AC 26 S;3522;SEMA_3115_VersiónPMT.sop6;09/06/2025 11:47:55;1;N/A;4;50;15;65;60;8
3115_20250720_Planeamiento_SCC.pdf;3115;KR 51 X AC 26 S;3522;SEMA_3115_VersiónPMT.sop6;09/06/2025 11:47:55;1;N/A;23;20;39;19;12;8
3115_20250720_Planeamiento_SCC.pdf;3115;KR 51 X AC 26 S;3522;SEMA_3115_VersiónPMT.sop6;09/06/2025 11:47:55;1;N/A;24;20;39;19;12;8
3115_20250720_Planeamiento_SCC.pdf;3115;KR 51 X AC 26 S;3522;SEMA_3115_VersiónPMT.sop6;09/06/2025 11:47:55;2;120;3;22;106;84;79;9
3115_20250720_Planeamiento_SCC.pdf;3115;KR 51 X AC 26 S;3522;SEMA_3115_VersiónPMT.sop6;09/06/2025 11:47:55;2;120;4;22;106;84;79;9
3115_20250720_Planeamiento_SCC.pdf;3115;KR 51 X AC 26 S;3522;SEMA_3115_VersiónPMT.sop6;09/06/2025 11:47:55;2;120;23;111;11;20;13;9
3115_20250720_Planeamiento_SCC.pdf;3115;KR 51 X AC 26 S;3522;SEMA_3115_VersiónPMT.sop6;09/06/2025 11:47:55;2;120;24;111;11;20;13;9
3115_20250720_Planeamiento_SCC.pdf;3115;KR 51 X AC 26 S;3522;SEMA_3115_VersiónPMT.sop6;09/06/2025 11:47:55;3;120;3;11;93;82;77;10
3115_20250720_Planeamiento_SCC.pdf;3115;KR 51 X AC 26 S;3522;SEMA_3115_VersiónPMT.sop6;09/06/2025 11:47:55;3;120;4;11;93;82;77;10
3115_20250720_Planeamiento_SCC.pdf;3115;KR 51 X AC 26 S;3522;SEMA_3115_VersiónPMT.sop6;09/06/2025 11:47:55;3;120;23;98;0;22;15;10
3115_20250720_Planeamiento_SCC.pdf;3115;KR 51 X AC 26 S;3522;SEMA_3115_VersiónPMT.sop6;09/06/2025 11:47:55;3;120;24;98;0;22;15;10
3115_20250720_Planeamiento_SCC.pdf;3115;KR 51 X AC 26 S;3522;SEMA_3115_VersiónPMT.sop6;09/06/2025 11:47:55;4;120;3;55;15;80;75;11
3115_20250720_Planeamiento_SCC.pdf;3115;KR 51 X AC 26 S;3522;SEMA_3115_VersiónPMT.sop6;09/06/2025 11:47:55;4;120;4;55;15;80;75;11
3115_20250720_Planeamiento_SCC.pdf;3115;KR 51 X AC 26 S;3522;SEMA_3115_VersiónPMT.sop6;09/06/2025 11:47:55;4;120;23;20;44;24;17;11
3115_20250720_Planeamiento_SCC.pdf;3115;KR 51 X AC 26 S;3522;SEMA_3115_VersiónPMT.sop6;09/06/2025 11:47:55;4;120;24;20;44;24;17;11
3115_20250720_Planeamiento_SCC.pdf;3115;KR 51 X AC 26 S;3522;SEMA_3115_VersiónPMT.sop6;09/06/2025 11:47:55;5;105;3;66;29;68;63;12
3115_20250720_Planeamiento_SCC.pdf;3115;KR 51 X AC 26 S;3522;SEMA_3115_VersiónPMT.sop6;09/06/2025 11:47:55;5;105;4;66;29;68;63;12
3115_20250720_Planeamiento_SCC.pdf;3115;KR 51 X AC 26 S;3522;SEMA_3115_VersiónPMT.sop6;09/06/2025 11:47:55;5;105;23;34;55;21;14;12
3115_20250720_Planeamiento_SCC.pdf;3115;KR 51 X AC 26 S;3522;SEMA_3115_VersiónPMT.sop6;09/06/2025 11:47:55;5;105;24;34;55;21;14;12
3115_20250720_Planeamiento_SCC.pdf;3115;KR 51 X AC 26 S;3522;SEMA_3115_VersiónPMT.sop6;09/06/2025 11:47:55;6;100;3;17;82;65;60;13
3115_20250720_Planeamiento_SCC.pdf;3115;KR 51 X AC 26 S;3522;SEMA_3115_VersiónPMT.sop6;09/06/2025 11:47:55;6;100;4;17;82;65;60;13
3115_20250720_Planeamiento_SCC.pdf;3115;KR 51 X AC 26 S;3522;SEMA_3115_VersiónPMT.sop6;09/06/2025 11:47:55;6;100;23;87;6;19;12;13
3115_20250720_Planeamiento_SCC.pdf;3115;KR 51 X AC 26 S;3522;SEMA_3115_VersiónPMT.sop6;09/06/2025 11:47:55;6;100;24;87;6;19;12;13
3115_20250720_Planeamiento_SCC.pdf;3115;KR 51 X AC 26 S;3522;SEMA_3115_VersiónPMT.sop6;09/06/2025 11:47:55;7;90;3;13;68;55;50;14
3115_20250720_Planeamiento_SCC.pdf;3115;KR 51 X AC 26 S;3522;SEMA_3115_VersiónPMT.sop6;09/06/2025 11:47:55;7;90;4;13;68;55;50;14
3115_20250720_Planeamiento_SCC.pdf;3115;KR 51 X AC 26 S;3522;SEMA_3115_VersiónPMT.sop6;09/06/2025 11:47:55;7;90;23;73;2;19;12;14
3115_20250720_Planeamiento_SCC.pdf;3115;KR 51 X AC 26 S;3522;SEMA_3115_VersiónPMT.sop6;09/06/2025 11:47:55;7;90;24;73;2;19;12;14
3115_20250720_Planeamiento_SCC.pdf;3115;KR 51 X AC 26 S;3522;SEMA_3115_VersiónPMT.sop6;09/06/2025 11:47:55;8;89;3;31;87;56;51;15
3115_20250720_Planeamiento_SCC.pdf;3115;KR 51 X AC 26 S;3522;SEMA_3115_VersiónPMT.sop6;09/06/2025 11:47:55;8;89;4;31;87;56;51;15
3115_20250720_Planeamiento_SCC.pdf;3115;KR 51 X AC 26 S;3522;SEMA_3115_VersiónPMT.sop6;09/06/2025 11:47:55;8;89;23;3;20;17;10;15
3115_20250720_Planeamiento_SCC.pdf;3115;KR 51 X AC 26 S;3522;SEMA_3115_VersiónPMT.sop6;09/06/2025 11:47:55;8;89;24;3;20;17;10;15
