size_in_MB,id,name,creation,last_modification,type_of_file,date,mes,Estado,num
"0,65",1GUapucyR7TlfP3h7P1482ETHz9hUHoDP,Detector-Measurement Point-Traffic Data - Processed-260302_260302.csv,2026-03-03T16:28:11.234Z,2026-03-03T05:15:33.741Z,text/csv,2026-03-02,2603,Pendiente,0
"0,65",1xpZiFHD_qUiVGWprwFcxVWGDQBq5_YN2,Detector-Measurement Point-Traffic Data - Processed-260301_260301.csv,2026-03-03T16:29:24.182Z,2026-03-02T05:14:22.863Z,text/csv,2026-03-01,2603,Pendiente,0
"0,65",1CQO38-1qdwKSzNkde6mLz3Agnv2SI-9Y,Detector-Measurement Point-Traffic Data - Processed-260228_260228.csv,2026-03-03T16:27:41.761Z,2026-03-01T05:14:47.455Z,text/csv,2026-02-28,2602,Pendiente,0
"0,65",1eNC9YVhoAcxRH64kd3xWOtg2Q0JnCr1u,Detector-Measurement Point-Traffic Data - Processed-260227_260227.csv,2026-03-03T16:29:40.608Z,2026-02-28T05:16:13.097Z,text/csv,2026-02-27,2602,Pendiente,0
"0,65",1PIa1tSVBdEnrd4yu5940pD1EfC7R4tg_,Detector-Measurement Point-Traffic Data - Processed-260226_260226.csv,2026-03-03T16:27:48.062Z,2026-02-27T05:18:03.569Z,text/csv,2026-02-26,2602,Procesado,319175
"0,65",1GymG5lXOoALe3Pdxk6UhBhv9A-YuX32f,Detector-Measurement Point-Traffic Data - Processed-260225_260225.csv,2026-03-03T16:27:51.048Z,2026-02-26T05:15:34.873Z,text/csv,2026-02-25,2602,Procesado,337790
"0,65",1Nv_bTm0mV31iSDhBzoQGBbUt_bHC1qZl,Detector-Measurement Point-Traffic Data - Processed-260224_260224.csv,2026-03-03T16:29:08.192Z,2026-02-25T05:14:41.713Z,text/csv,2026-02-24,2602,Procesado,340314
"0,65",115yOd09CwApZ62KP-zHbsxCUf3nsUIig,Detector-Measurement Point-Traffic Data - Processed-260223_260223.csv,2026-03-03T16:29:40.012Z,2026-02-24T05:14:52.762Z,text/csv,2026-02-23,2602,Procesado,338830
"0,66",1QffX3zRitv7bjSxgspBpovYsEJR3vku_,Detector-Measurement Point-Traffic Data - Processed-260222_260222.csv,2026-03-03T16:28:48.077Z,2026-02-23T05:14:35.313Z,text/csv,2026-02-22,2602,Procesado,342776
"0,66",1zKhTTT-RoUKaNh54FrRbR7JQx4cLSeEt,Detector-Measurement Point-Traffic Data - Processed-260221_260221.csv,2026-03-03T16:29:46.476Z,2026-02-22T05:15:05.234Z,text/csv,2026-02-21,2602,Procesado,339593
"0,66",1mzzlRYwoRGuSEIkcM8YxERQBY_Y0ISed,Detector-Measurement Point-Traffic Data - Processed-260220_260220.csv,2026-03-03T16:29:52.951Z,2026-02-21T05:16:16.219Z,text/csv,2026-02-20,2602,Procesado,343945
"0,66",1xev5OSs7X0XlcB12bFbBs2qdaq3i65hp,Detector-Measurement Point-Traffic Data - Processed-260219_260219.csv,2026-03-03T16:28:56.031Z,2026-02-20T05:15:09.015Z,text/csv,2026-02-19,2602,Procesado,345671
"0,66",1yezs5XgvIJjQRK96rmxRT75Cx6SE70GG,Detector-Measurement Point-Traffic Data - Processed-260218_260218.csv,2026-03-03T16:29:55.937Z,2026-02-19T05:15:51.482Z,text/csv,2026-02-18,2602,Procesado,342488
"0,66",1Rs53tFp-lTwUIMSPWspRbPAQP_MKhRIC,Detector-Measurement Point-Traffic Data - Processed-260217_260217.csv,2026-03-03T16:29:28.988Z,2026-02-18T05:14:26.583Z,text/csv,2026-02-17,2602,Procesado,339947
"0,66",1XpSHqZ1xJ61AeNMz7Ta4lR8BQg9AAfTo,Detector-Measurement Point-Traffic Data - Processed-260216_260216.csv,2026-03-03T16:28:07.443Z,2026-02-17T05:14:48.987Z,text/csv,2026-02-16,2602,Procesado,337596
"0,66",1jYcI-kjvRH7PAPYtMtTmcNH5VZubFUlV,Detector-Measurement Point-Traffic Data - Processed-260215_260215.csv,2026-03-03T16:27:40.019Z,2026-02-16T05:14:24.245Z,text/csv,2026-02-15,2602,Procesado,338861
"0,66",1e0t8aqkN7WFN4f_QNcq1JGvzPuWRBnvL,Detector-Measurement Point-Traffic Data - Processed-260214_260214.csv,2026-03-03T16:28:25.388Z,2026-02-15T05:14:41.475Z,text/csv,2026-02-14,2602,Procesado,341646
"0,66",1sWF0OC4HifuN3VvGsCuQ0AF2SOt02v4C,Detector-Measurement Point-Traffic Data - Processed-260213_260213.csv,2026-03-03T16:28:26.275Z,2026-02-14T05:17:08.293Z,text/csv,2026-02-13,2602,Procesado,338254
"0,66",1Szxz0GjpDEk-HHRMkXYRakQjbq2Foh_2,Detector-Measurement Point-Traffic Data - Processed-260212_260212.csv,2026-03-03T16:28:05.532Z,2026-02-13T05:15:10.907Z,text/csv,2026-02-12,2602,Procesado,337075
"0,66",12ZqFBGFaV-ylnGl4HL3IKBFFDNbSxnbg,Detector-Measurement Point-Traffic Data - Processed-260211_260211.csv,2026-03-03T16:29:18.032Z,2026-02-12T05:14:53.729Z,text/csv,2026-02-11,2602,Procesado,340501
"0,66",1omXPEfdtikhHlWKeeNjQPCDVShSyvkZF,Detector-Measurement Point-Traffic Data - Processed-260210_260210.csv,2026-03-03T16:27:39.025Z,2026-02-11T05:14:58.688Z,text/csv,2026-02-10,2602,Procesado,344229
"0,66",1oPgrw-rfKqgspstS_k5qV4qyHL90neqO,Detector-Measurement Point-Traffic Data - Processed-260209_260209.csv,2026-03-03T16:28:44.606Z,2026-02-10T05:14:24.886Z,text/csv,2026-02-09,2602,Procesado,331215
"0,66",1noE-81q1O7FAdK3Wu4QeZi51NZ7xpbZ-,Detector-Measurement Point-Traffic Data - Processed-260208_260208.csv,2026-03-03T16:29:22.357Z,2026-02-09T05:14:03.607Z,text/csv,2026-02-08,2602,Procesado,327848
"0,66",1ox8-XY-HatbyJvUB5BIKtgmEr3NvP9xP,Detector-Measurement Point-Traffic Data - Processed-260207_260207.csv,2026-03-03T16:28:01.891Z,2026-02-08T05:14:20.835Z,text/csv,2026-02-07,2602,Procesado,328418
"0,66",1hdmQHVuDzwRB-R5YTjadXgUxgKSFYzJE,Detector-Measurement Point-Traffic Data - Processed-260206_260206.csv,2026-03-03T16:29:06.527Z,2026-02-07T05:16:54.871Z,text/csv,2026-02-06,2602,Procesado,335533
"0,66",1ItfG0bWD0KA4oiFDUlB8qQ4QFf68cZ00,Detector-Measurement Point-Traffic Data - Processed-260205_260205.csv,2026-03-03T16:29:50.876Z,2026-02-06T05:14:55.340Z,text/csv,2026-02-05,2602,Procesado,339970
"0,66",1Lpsl03UOUl1CVlvtMAgrtjldv_7IRcpF,Detector-Measurement Point-Traffic Data - Processed-260204_260204.csv,2026-03-03T16:29:45.162Z,2026-02-05T05:15:06.839Z,text/csv,2026-02-04,2602,Procesado,340672
"0,66",1K4TvXza3YklMY5YL_AgZJu7z8i2FJppr,Detector-Measurement Point-Traffic Data - Processed-260203_260203.csv,2026-03-03T16:27:43.986Z,2026-02-04T05:14:38.674Z,text/csv,2026-02-03,2602,Procesado,338631
"0,66",15ZsfADsNjCwhSbTJDVmua88wdGjAcwCN,Detector-Measurement Point-Traffic Data - Processed-260202_260202.csv,2026-03-03T16:28:09.689Z,2026-02-03T05:15:45.644Z,text/csv,2026-02-02,2602,Procesado,341706
"0,66",1kBAQ32Z0uIbEgt5tP6d4QuUbczxaOc3Z,Detector-Measurement Point-Traffic Data - Processed-260201_260201.csv,2026-03-03T16:29:44.561Z,2026-02-02T05:14:48.604Z,text/csv,2026-02-01,2602,Procesado,343394
"0,66",1aLmCrhVa_cYXAZmg82FVPZXe-oJ0rA7H,Detector-Measurement Point-Traffic Data - Processed-260131_260131.csv,2026-03-03T16:28:30.016Z,2026-02-01T05:16:34.671Z,text/csv,2026-01-31,2601,Procesado,341332
"0,66",1HWmm1g83pak3WjDmpv1Ns39iRogZuv5E,Detector-Measurement Point-Traffic Data - Processed-260130_260130.csv,2026-03-03T16:29:20.013Z,2026-01-31T05:15:24.062Z,text/csv,2026-01-30,2601,Procesado,336304
"0,66",1wlTV2Ox2S43NWCi4MOXGfKHtwz4TBJBH,Detector-Measurement Point-Traffic Data - Processed-260129_260129.csv,2026-03-03T16:28:54.712Z,2026-01-30T05:15:04.888Z,text/csv,2026-01-29,2601,Procesado,333746
"0,66",1ur0uEdUlFbg8kHxUsUzjzyLRihx0ycE6,Detector-Measurement Point-Traffic Data - Processed-260128_260128.csv,2026-03-03T16:29:19.220Z,2026-01-29T05:14:42.031Z,text/csv,2026-01-28,2601,Procesado,338510
"0,66",1l93D5OrczCSniNPtl0VedGPXXK0hkofE,Detector-Measurement Point-Traffic Data - Processed-260127_260127.csv,2026-03-03T16:27:47.077Z,2026-01-28T05:15:19.697Z,text/csv,2026-01-27,2601,Procesado,336008
"0,66",1rYXE4JDU7sHHhb0bdRSuTAaDrcy_4Umm,Detector-Measurement Point-Traffic Data - Processed-260126_260126.csv,2026-03-03T16:29:28.381Z,2026-01-27T05:14:55.994Z,text/csv,2026-01-26,2601,Procesado,336183
"0,66",1FNypRARLWTQdFmJVvZHwS8PBxoDuHOA0,Detector-Measurement Point-Traffic Data - Processed-260125_260125.csv,2026-03-03T16:28:08.685Z,2026-01-26T05:14:25.773Z,text/csv,2026-01-25,2601,Procesado,342760
"0,66",1MFyLde98chAnlIJmpPqnVeFwUpGWwyQE,Detector-Measurement Point-Traffic Data - Processed-260124_260124.csv,2026-03-03T16:28:20.269Z,2026-01-25T05:15:26.844Z,text/csv,2026-01-24,2601,Procesado,343737
"0,66",1lwas0HnkVPXf8aB_Efix8lT1FPOCWS8-,Detector-Measurement Point-Traffic Data - Processed-260123_260123.csv,2026-03-03T16:28:17.816Z,2026-01-24T05:15:13.977Z,text/csv,2026-01-23,2601,Procesado,347119
"0,66",16Y25vF0bffWzEvXv7R70QJaA7mmbUWxE,Detector-Measurement Point-Traffic Data - Processed-260122_260122.csv,2026-03-03T16:27:37.645Z,2026-01-23T05:14:27.075Z,text/csv,2026-01-22,2601,Procesado,351490
"0,66",1Hdqpbpz8m8TeS12320bY0ljHvWKK6_oS,Detector-Measurement Point-Traffic Data - Processed-260121_260121.csv,2026-03-03T16:28:08.071Z,2026-01-22T05:14:56.980Z,text/csv,2026-01-21,2601,Procesado,349908
"0,66",1zgKOpdDEC9fADDEqAU_1wS710vFwgMyK,Detector-Measurement Point-Traffic Data - Processed-260120_260120.csv,2026-03-03T16:28:27.660Z,2026-01-21T05:16:44.778Z,text/csv,2026-01-20,2601,Procesado,348490
"0,66",11yIYy5eDcvgW-ZANPury9-fwHAI2DijY,Detector-Measurement Point-Traffic Data - Processed-260119_260119.csv,2026-03-03T16:28:28.565Z,2026-01-20T05:15:24.202Z,text/csv,2026-01-19,2601,Procesado,350132
"0,66",1QI-DtA9gkM-aWsTqarDgCP5P2iLhWvBL,Detector-Measurement Point-Traffic Data - Processed-260118_260118.csv,2026-03-03T16:27:34.138Z,2026-01-19T05:14:09.584Z,text/csv,2026-01-18,2601,Procesado,349356
"0,66",1MH2Rq5FlKCQv8g0k-burn8XogtQGlLgH,Detector-Measurement Point-Traffic Data - Processed-260117_260117.csv,2026-03-03T16:29:26.701Z,2026-01-18T05:14:56.853Z,text/csv,2026-01-17,2601,Procesado,351436
"0,66",1oJcCTB9uI5Dhts5tBtH8czn4A9yso3lX,Detector-Measurement Point-Traffic Data - Processed-260116_260116.csv,2026-03-03T16:29:23.583Z,2026-01-17T05:14:33.489Z,text/csv,2026-01-16,2601,Procesado,350250
"0,66",1aj7FauIuWTeh3tWZ6-xyg7ZkgTnOPh7F,Detector-Measurement Point-Traffic Data - Processed-260115_260115.csv,2026-03-03T16:29:46.770Z,2026-01-16T05:14:28.590Z,text/csv,2026-01-15,2601,Procesado,346736
"0,66",1SnOeIqexV58m000Rue2XO806RVQQX7th,Detector-Measurement Point-Traffic Data - Processed-260114_260114.csv,2026-03-03T16:27:59.392Z,2026-01-15T05:16:05.521Z,text/csv,2026-01-14,2601,Procesado,350011
"0,66",1V25fQX4wxIBoOqiv4P8nvrXjo9nae4MB,Detector-Measurement Point-Traffic Data - Processed-260113_260113.csv,2026-03-03T16:28:25.081Z,2026-01-14T05:14:43.802Z,text/csv,2026-01-13,2601,Procesado,351567
"0,66",1AEUaEg68AhiKapYV-dKYZlp-73ISSHBc,Detector-Measurement Point-Traffic Data - Processed-260112_260112.csv,2026-03-03T16:29:44.864Z,2026-01-13T05:13:46.256Z,text/csv,2026-01-12,2601,Procesado,341499
"0,66",1_QsR-O7B1MHV-T_pnC8Ri1_USLzXspCW,Detector-Measurement Point-Traffic Data - Processed-260111_260111.csv,2026-03-03T16:28:36.166Z,2026-01-12T05:13:54.575Z,text/csv,2026-01-11,2601,Procesado,343092
"0,66",1HQrzaeoWmA8wN9-mVAKv80c3ShsVWRsP,Detector-Measurement Point-Traffic Data - Processed-260110_260110.csv,2026-03-03T16:29:48.616Z,2026-01-11T05:14:22.094Z,text/csv,2026-01-10,2601,Procesado,346851
"0,66",1F8juSa-j5-XeEEigZl5EAwzqwghvjJ8t,Detector-Measurement Point-Traffic Data - Processed-260109_260109.csv,2026-03-03T16:29:54.456Z,2026-01-10T05:14:36.115Z,text/csv,2026-01-09,2601,Procesado,350815
"0,66",1ltPxFeJh2xASduU5aN-YucayVUAHobX7,Detector-Measurement Point-Traffic Data - Processed-260108_260108.csv,2026-03-03T16:29:22.658Z,2026-01-09T05:15:48.719Z,text/csv,2026-01-08,2601,Procesado,350516
"0,66",1N6T4Q9zT2VU4hoXHKDqheWf_0uLuXPSC,Detector-Measurement Point-Traffic Data - Processed-260107_260107.csv,2026-03-03T16:28:21.784Z,2026-01-08T05:15:10.431Z,text/csv,2026-01-07,2601,Procesado,0
"0,66",1E7b39rBdWmzXQqg92EJJhduYw_PxsmNa,Detector-Measurement Point-Traffic Data - Processed-260106_260106.csv,2026-03-03T16:29:08.499Z,2026-01-07T05:14:32.951Z,text/csv,2026-01-06,2601,Procesado,0
"0,66",1hVvalxi_XGY4HUSY3pgZiHQWjR3h3XS2,Detector-Measurement Point-Traffic Data - Processed-260105_260105.csv,2026-03-03T16:28:12.348Z,2026-01-06T05:15:04.593Z,text/csv,2026-01-05,2601,Procesado,0
"0,66",1gVjj8JzYxqz19lQcXUIaWyFc4FJU1Xyt,Detector-Measurement Point-Traffic Data - Processed-260104_260104.csv,2026-03-03T16:27:42.061Z,2026-01-05T05:14:35.756Z,text/csv,2026-01-04,2601,Procesado,0
"0,66",1fnxHBC2rqmR2JseQGu3QX4crSZgnc5YG,Detector-Measurement Point-Traffic Data - Processed-260103_260103.csv,2026-03-03T16:29:31.588Z,2026-01-04T05:14:10.958Z,text/csv,2026-01-03,2601,Procesado,0
"0,66",1fjJxnDfb9UY_pz65uhu8UIqHqQx02-CF,Detector-Measurement Point-Traffic Data - Processed-260102_260102.csv,2026-03-03T16:28:02.403Z,2026-01-03T05:14:22.193Z,text/csv,2026-01-02,2601,Procesado,0
"0,66",1eJaAtGltwZDXa14LXRaokQ7FNkOPhSR-,Detector-Measurement Point-Traffic Data - Processed-260101_260101.csv,2026-03-03T16:28:33.824Z,2026-01-02T05:14:44.958Z,text/csv,2026-01-01,2601,Procesado,0
"0,66",1KPdr5OWEN1KDZKlN4q6VaF4xRetDb5yM,Detector-Measurement Point-Traffic Data - Processed-251231_251231.csv,2026-03-03T16:27:57.893Z,2026-01-01T05:15:13.128Z,text/csv,2025-12-31,2512,Procesado,351211
"0,66",1l-vrpS0pSyw4R80Saezi-1Ly1UfFMaKO,Detector-Measurement Point-Traffic Data - Processed-251230_251230.csv,2026-03-03T16:29:29.889Z,2025-12-31T05:14:38.890Z,text/csv,2025-12-30,2512,Procesado,351768
"0,66",1g1Yt-Q5vT2UqPhI0-Hkp0WPaSU_GAOcF,Detector-Measurement Point-Traffic Data - Processed-251229_251229.csv,2026-03-03T16:28:10.649Z,2025-12-30T05:14:32.710Z,text/csv,2025-12-29,2512,Procesado,349012
"0,66",1B9bx0YdozdvAPKmNoj9pTPuVpfuCdklw,Detector-Measurement Point-Traffic Data - Processed-251228_251228.csv,2026-03-03T16:28:20.556Z,2025-12-29T05:14:05.804Z,text/csv,2025-12-28,2512,Procesado,344242
"0,66",1kko9xdhNe3hFjzNctRRE7gLLfXMVxWQ2,Detector-Measurement Point-Traffic Data - Processed-251227_251227.csv,2026-03-03T16:28:34.116Z,2025-12-28T05:14:39.888Z,text/csv,2025-12-27,2512,Procesado,345306
"0,66",1rscdz5WAn_eNR2pxaZnMILZ7Je0dt0X4,Detector-Measurement Point-Traffic Data - Processed-251226_251226.csv,2026-03-03T16:27:40.316Z,2025-12-27T05:15:24.599Z,text/csv,2025-12-26,2512,Procesado,346618
"0,66",1vz56P0hIpBr5Dy2MoaxNw5JjGaRP4wEC,Detector-Measurement Point-Traffic Data - Processed-251225_251225.csv,2026-03-03T16:29:49.985Z,2025-12-26T05:15:01.525Z,text/csv,2025-12-25,2512,Procesado,348523
"0,66",1ntJSHoo0MaSYQf_qiigPsn4SMgEk_RmB,Detector-Measurement Point-Traffic Data - Processed-251224_251224.csv,2026-03-03T16:29:18.412Z,2025-12-25T05:15:17.022Z,text/csv,2025-12-24,2512,Procesado,348398
"0,66",1Bmv9E23NwFWT0OOE14eVLbXVlzP6GP2v,Detector-Measurement Point-Traffic Data - Processed-251223_251223.csv,2026-03-03T16:29:52.633Z,2025-12-24T05:15:27.379Z,text/csv,2025-12-23,2512,Procesado,349165
"0,66",1vd8dz5qVmj27QHBB5DK0Ouc0lGMJx6Go,Detector-Measurement Point-Traffic Data - Processed-251222_251222.csv,2026-03-03T16:29:52.140Z,2025-12-23T05:16:16.543Z,text/csv,2025-12-22,2512,Procesado,345383
"0,66",114B4OoyfkfOOodeZRSf6Ob1YdSdznMLr,Detector-Measurement Point-Traffic Data - Processed-251221_251221.csv,2026-03-03T16:27:53.997Z,2025-12-22T05:15:25.490Z,text/csv,2025-12-21,2512,Procesado,344985
"0,66",1BNw9MXUm_O6SWYVE7gxIQEk-Wor7g0wM,Detector-Measurement Point-Traffic Data - Processed-251220_251220.csv,2026-03-03T16:28:44.203Z,2025-12-21T05:16:01.052Z,text/csv,2025-12-20,2512,Procesado,340651
"0,65",1ENmhWAU2lJnAmsUO1kRBIXUNPEvP3EbV,Detector-Measurement Point-Traffic Data - Processed-251219_251219.csv,2026-03-03T16:29:49.173Z,2025-12-20T05:26:04.928Z,text/csv,2025-12-19,2512,Procesado,283589
"0,66",1Diqyc8pKYQsujawnAnvv6yCl218NcO7P,Detector-Measurement Point-Traffic Data - Processed-251218_251218.csv,2026-03-03T16:29:09.581Z,2025-12-19T05:14:25.705Z,text/csv,2025-12-18,2512,Procesado,343214
"0,66",1OvKUsc8VcEKmPH-Dhn0L2ZJ5cFqbyk5E,Detector-Measurement Point-Traffic Data - Processed-251217_251217.csv,2026-03-03T16:28:35.284Z,2025-12-18T05:17:52.177Z,text/csv,2025-12-17,2512,Procesado,344397
"0,66",1MfX5usrnALoPbt_et8RHM7EsYrru8Bhg,Detector-Measurement Point-Traffic Data - Processed-251216_251216.csv,2026-03-03T16:27:53.543Z,2025-12-17T05:14:48.489Z,text/csv,2025-12-16,2512,Procesado,345816
"0,66",12bEqPzZWezOAI7gBUm4iGz3KLfcvzgMJ,Detector-Measurement Point-Traffic Data - Processed-251215_251215.csv,2026-03-03T16:29:54.157Z,2025-12-16T05:14:37.607Z,text/csv,2025-12-15,2512,Procesado,348745
"0,66",1KmUKxlMhiG50LWfwB2FNAI9YoKvSjeYk,Detector-Measurement Point-Traffic Data - Processed-251214_251214.csv,2026-03-03T16:28:30.325Z,2025-12-15T05:14:11.212Z,text/csv,2025-12-14,2512,Procesado,349341
"0,66",1obMHcDXVCVTUbLyjZt06qwp960HCBF9e,Detector-Measurement Point-Traffic Data - Processed-251213_251213.csv,2026-03-03T16:29:13.160Z,2025-12-14T05:14:43.779Z,text/csv,2025-12-13,2512,Procesado,349078
"0,66",1gp4RWTfmjfdIFqEZJ7TigwE_Ebi3EZ55,Detector-Measurement Point-Traffic Data - Processed-251212_251212.csv,2026-03-03T16:28:06.926Z,2025-12-13T05:14:29.862Z,text/csv,2025-12-12,2512,Procesado,342875
"0,66",1kk2uU4XgXm7ZcUQrzcVeGAdCcjjR0Qo6,Detector-Measurement Point-Traffic Data - Processed-251211_251211.csv,2026-03-03T16:28:04.221Z,2025-12-12T05:14:37.480Z,text/csv,2025-12-11,2512,Procesado,344375
"0,66",1EWntRD_qSNZp_WXsLyudgUa8djLK81Ik,Detector-Measurement Point-Traffic Data - Processed-251210_251210.csv,2026-03-03T16:28:43.794Z,2025-12-11T05:15:06.592Z,text/csv,2025-12-10,2512,Procesado,343223
"0,66",1xZA5OPlSXSMHtog9LQG42YtwKffzV0td,Detector-Measurement Point-Traffic Data - Processed-251209_251209.csv,2026-03-03T16:29:01.877Z,2025-12-10T05:15:26.029Z,text/csv,2025-12-09,2512,Procesado,343977
"0,66",1B_JCKk3DGW9Kb4C5HvaqOA1vAArFO8JC,Detector-Measurement Point-Traffic Data - Processed-251208_251208.csv,2026-03-03T16:29:54.840Z,2025-12-09T05:14:25.457Z,text/csv,2025-12-08,2512,Procesado,343978
"0,66",11bNx1HHNR5AJky5-1mJodnwj67lu9RZg,Detector-Measurement Point-Traffic Data - Processed-251207_251207.csv,2026-03-03T16:29:40.310Z,2025-12-08T05:13:59.322Z,text/csv,2025-12-07,2512,Procesado,343661
"0,66",1aWT6lPOZdDbAGHhqbUoOMHOuYndBT_gB,Detector-Measurement Point-Traffic Data - Processed-251206_251206.csv,2026-03-03T16:29:30.185Z,2025-12-07T05:14:14.688Z,text/csv,2025-12-06,2512,Procesado,346657
"0,66",13M-EYR2iMV96a2QtnjWbZrnC9UdBlIJ1,Detector-Measurement Point-Traffic Data - Processed-251205_251205.csv,2026-03-03T16:28:46.921Z,2025-12-06T05:15:16.594Z,text/csv,2025-12-05,2512,Procesado,352205
"0,66",1StlIts4pvfEY5cXP7KRdmuGGitXeITjB,Detector-Measurement Point-Traffic Data - Processed-251204_251204.csv,2026-03-03T16:29:25.412Z,2025-12-05T05:14:30.283Z,text/csv,2025-12-04,2512,Procesado,348762
"0,66",1gswmrAuYP5vzb3dwnvX4t_kvbXC7XZ-a,Detector-Measurement Point-Traffic Data - Processed-251203_251203.csv,2026-03-03T16:29:20.529Z,2025-12-04T05:14:34.045Z,text/csv,2025-12-03,2512,Procesado,343244
30.12,1fWjJDNicplg8OJZtTKhCQsY3n_jEeH-s,Detector-Measurement Point-Traffic Data - Processed-251202_251202.csv,2026-03-03T16:28:35.875Z,2025-12-03T05:15:12.857Z,text/csv,2025-12-02,2512,Procesado,332415
30.12,11WfTqLvZuYY1YQ-74ARTK_moSykFuAqc,Detector-Measurement Point-Traffic Data - Processed-251201_251201.csv,2026-03-03T16:28:35.578Z,2025-12-02T05:14:13.311Z,text/csv,2025-12-01,2512,Procesado,346424
30.12,1NxOHi6mEJb2EsyUB09o9Ykuyw_grarb4,Detector-Measurement Point-Traffic Data - Processed-251130_251130.csv,2026-03-03T16:28:47.770Z,2025-12-01T05:14:09.696Z,text/csv,2025-11-30,2511,Procesado,0
30.12,1bDVmXKnwxvUmmUF_Wdc_gqcHS7qcEyAH,Detector-Measurement Point-Traffic Data - Processed-251129_251129.csv,2026-03-03T16:28:48.378Z,2025-11-30T05:25:00.917Z,text/csv,2025-11-29,2511,Procesado,0
31.12,1u6cPGG_0EtL6BlQp_ew-Y5y15K5aPUdu,Detector-Punto de medición-Datos de tráfico - procesados-251128_251129.csv,2026-03-03T16:28:18.829Z,2025-11-29T17:12:42.837Z,text/csv,2025-11-28,2511,Pendiente,0
30.12,1OoeQVNpRYsfpz2UZvUZALcPrjV9SLnHh,Detector-Punto de medición-Datos de tráfico - procesados-251127_251127.csv,2026-03-03T16:28:14.475Z,2025-11-28T14:36:27.624Z,text/csv,2025-11-27,2511,Pendiente,0
31.12,1f-596NySpSnxcsUPiihdescxnmXIb3hP,Detector-Measurement Point-Traffic Data - Processed-251126_251127.csv,2026-03-03T16:27:45.695Z,2025-11-29T05:22:01.643Z,text/csv,2025-11-26,2511,Procesado,0
31.12,1NbjqQs38FqTcTnEtCnMa3Q3MHtquEspU,Detector-Punto de medición-Datos de tráfico - procesados-251126_251127.csv,2026-03-03T16:28:48.825Z,2025-11-28T20:11:01.020Z,text/csv,2025-11-26,2511,Pendiente,0
31.12,1Z5ugwu0ZZoQTDeynBAC9uuo9YCbZL3xy,Detector-Punto de medición-Datos de tráfico - procesados-251125_251126.csv,2026-03-03T16:29:27.191Z,2025-11-28T18:40:39.973Z,text/csv,2025-11-25,2511,Pendiente,0
31.12,1LoSNOSSRWQB7Jp08dbAG8V9hzO_C-qMf,Detector-Measurement Point-Traffic Data - Processed-251121_251127.csv,2026-03-03T16:29:02.481Z,2025-11-28T05:29:00.899Z,text/csv,2025-11-21,2511,Procesado,0
31.12,18UuNyuOSW8Gp3MRcSiEA8wqabp2r9014,Detector-Measurement Point-Traffic Data - Processed-251120_251126.csv,2026-03-03T16:28:58.069Z,2025-11-27T05:29:06.849Z,text/csv,2025-11-20,2511,Procesado,0
"1,05",11cc6EsP3r_YxqFr32PJKtMzlP-XVQLcE,Detector-Measurement Point-Traffic Data - Processed-251119_251125.csv,2026-03-03T16:28:14.177Z,2025-11-26T05:29:23.998Z,text/csv,2025-11-19,2511,Procesado,0
"1,05",1VmADkf377Gxp_NWTuk6Q19btYZGqDS2d,Detector-Punto de medición-Datos de tráfico - procesados-251118_251124.csv,2026-03-03T16:29:32.045Z,2025-11-25T12:41:40.353Z,text/csv,2025-11-18,2511,Pendiente,0
31.12,1P7Z6Bm7Km3gDwtKYK5-cyJ1pa_5yX1iY,Detector-Measurement Point-Traffic Data - Processed-251118_251124.csv,2026-03-03T16:29:57.424Z,2025-11-25T05:28:29.820Z,text/csv,2025-11-18,2511,Procesado,0
"1,05",1Rm1rWTTBJfQaHgRtNgNke6Lzs1DUzftg,Detector-Measurement Point-Traffic Data - Processed-251117_251123.csv,2026-03-03T16:29:46.183Z,2025-11-24T20:43:17.248Z,text/csv,2025-11-17,2511,Procesado,0
31.12,1RFW_dA4zRDhrFnd1khfaIf5FRi3K-irg,Detector-Measurement Point-Traffic Data - Processed-251117_251123.csv.bak,2026-03-03T16:28:41.995Z,2025-11-24T05:29:12.383Z,application/octet-stream,2025-11-17,2511,Pendiente,0
31.12,15BYWXhhhxA7WW4z-1Ij4W-Thg-C0iO94,Detector-Measurement Point-Traffic Data - Processed-251116_251122.csv,2026-03-03T16:29:07.889Z,2025-11-23T05:27:17.899Z,text/csv,2025-11-16,2511,Procesado,0
"1,05",1adaY6U0ZHIhp_wJDpL4SLHWuYN6B2XEA,Detector-Measurement Point-Traffic Data - Processed-251115_251121.csv,2026-03-03T16:29:25.872Z,2025-11-22T05:27:47.688Z,text/csv,2025-11-15,2511,Procesado,0
31.12,1b8qeudkXI3sSGnInX-qwFERf27-PGTiC,Detector-Measurement Point-Traffic Data - Processed-251114_251120.csv,2026-03-03T16:28:52.914Z,2025-11-21T05:27:44.367Z,text/csv,2025-11-14,2511,Procesado,0
"1,05",13nNmzQrVAajQItFtq16JEsH63U7Aj0vO,Detector-Measurement Point-Traffic Data - Processed-251113_251119.csv,2026-03-03T16:29:34.588Z,2025-11-20T05:27:53.435Z,text/csv,2025-11-13,2511,Procesado,0
"1,05",1ByB2cB53DvYAhSyb3TCB8RWBIIrJULBu,Detector-Measurement Point-Traffic Data - Processed-251111_251117.csv,2026-03-03T16:29:30.982Z,2025-11-18T05:29:30.104Z,text/csv,2025-11-11,2511,Procesado,337921
30.12,1QNqA3_IT--aQNSzGVAUUWjeN4QGSsvYv,Detector-Measurement Point-Traffic Data - Processed-251111_251111.csv,2026-03-03T16:28:05.156Z,2025-11-12T05:17:34.647Z,text/csv,2025-11-11,2511,Procesado,330107
"1,05",1fngLyOwixlJF1s9GEvIz3-0LrBUXip_u,Detector-Punto de medición-Datos de tráfico - procesados-251111_251117.csv,2026-03-03T16:28:56.623Z,2025-11-18T13:32:51.755Z,text/csv,2025-11-11,2511,Pendiente,0
"0,65",1r5w6oshBrSGGFFSIIwBpyftAPpV4vy6r,Detector-Measurement Point-Traffic Data - Processed-251110_251110.csv,2026-03-03T16:28:45.506Z,2025-11-11T05:14:39.116Z,text/csv,2025-11-10,2511,Procesado,342988
"1,05",1X37tspdiNOj0utfd9K_P78_6awnVLQHg,Detector-Measurement Point-Traffic Data - Processed-251110_251116.csv,2026-03-03T16:29:55.628Z,2025-11-17T05:28:42.984Z,text/csv,2025-11-10,2511,Procesado,553679
"1,05",1ej903ywY9NFGuOI8EvVhPY4epnPAivBf,Detector-Measurement Point-Traffic Data - Processed-251109_251115.csv,2026-03-03T16:29:23.101Z,2025-11-16T05:28:50.681Z,text/csv,2025-11-09,2511,Procesado,342968
"0,65",1vq6f8EVs8-QZVmETKt6LmXo-jiXnt7vZ,Detector-Measurement Point-Traffic Data - Processed-251109_251109.csv,2026-03-03T16:29:35.576Z,2025-11-10T05:14:57.913Z,text/csv,2025-11-09,2511,Procesado,340794
"0,65",1ygPaqLEIrzql9hRsh6H-LjhS7VDXUCEP,Detector-Measurement Point-Traffic Data - Processed-251108_251108.csv,2026-03-03T16:28:43.450Z,2025-11-09T05:15:18.947Z,text/csv,2025-11-08,2511,Procesado,341066
"1,05",1Q3-4cOkWN9Gy3qC1RkCaQAZpuxecy4uZ,Detector-Measurement Point-Traffic Data - Processed-251108_251114.csv,2026-03-03T16:27:43.424Z,2025-11-15T05:27:38.057Z,text/csv,2025-11-08,2511,Procesado,553855
"1,05",1Qw9zTTwzw0T-O2mTL2BmXp4Q-HmoLL_H,Detector-Measurement Point-Traffic Data - Processed-251107_251113.csv,2026-03-03T16:28:27.055Z,2025-11-14T05:28:33.460Z,text/csv,2025-11-07,2511,Procesado,341066
"0,65",1H1x3iLCJpAo2z7WEOYEsTXSHpwaHz4Ys,Detector-Measurement Point-Traffic Data - Processed-251107_251107.csv,2026-03-03T16:27:49.537Z,2025-11-08T05:14:28.755Z,text/csv,2025-11-07,2511,Procesado,341066
"0,65",1IGMokvorXbU6uJUgsoSSaCNRsEDjGEnH,Detector-Measurement Point-Traffic Data - Processed-251106_251106.csv,2026-03-03T16:28:36.992Z,2025-11-07T05:14:31.914Z,text/csv,2025-11-06,2511,Procesado,341066
"1,05",11l56hMiuxRmBl5Z_LVtQEd70Oz_h5vKk,Detector-Measurement Point-Traffic Data - Processed-251106_251112.csv,2026-03-03T16:28:00.274Z,2025-11-13T05:28:27.112Z,text/csv,2025-11-06,2511,Procesado,341066
"0,65",11fcDdyahyagk3JWIK1qtQqSleEqc9CUh,Detector-Measurement Point-Traffic Data - Processed-251105_251105.csv,2026-03-03T16:28:13.481Z,2025-11-06T05:16:31.475Z,text/csv,2025-11-05,2511,Procesado,341066
"1,05",1RE5_q6sOe8NwRDcX9FPeiwtfgx7eiwuD,Detector-Punto de medición-Datos de tráfico - procesados-251104_251110.csv,2026-03-03T16:29:16.365Z,2025-11-11T20:08:32.784Z,text/csv,2025-11-04,2511,Pendiente,0
"0,65",1snMuyxOtSSzsBEnpxQIDA0dMW5rx3iyZ,Detector-Measurement Point-Traffic Data - Processed-251104_251104.csv,2026-03-03T16:28:11.540Z,2025-11-05T05:15:46.643Z,text/csv,2025-11-04,2511,Procesado,341066
"0,65",1dbOyKck6bd5Xw_z5ujcYoT0mzOR6ESaT,Detector-Measurement Point-Traffic Data - Processed-251103_251103.csv,2026-03-03T16:28:23.928Z,2025-11-04T05:15:32.252Z,text/csv,2025-11-03,2511,Procesado,341066
"0,65",1vFe8vC4OzhxxtGfVTARDFE8ferc3jhHj,Detector-Measurement Point-Traffic Data - Processed-251102_251102.csv,2026-03-03T16:28:43.159Z,2025-11-03T05:14:12.150Z,text/csv,2025-11-02,2511,Procesado,339896
"0,65",1UE9kQmMIxDBwA1rmn3yTFvwxbVs8L1JI,Detector-Measurement Point-Traffic Data - Processed-251101_251101.csv,2026-03-03T16:28:51.171Z,2025-11-02T05:14:03.712Z,text/csv,2025-11-01,2511,Procesado,342013
"0,65",1xrn9mS5cnW5SKcS_hbxAGJ2frEge3WXN,Detector-Measurement Point-Traffic Data - Processed-251031_251031.csv,2026-03-03T16:28:11.985Z,2025-11-01T05:15:19.538Z,text/csv,2025-10-31,2510,Procesado,339988
"0,65",1nZwQkXbSh1ut-cJdVGakpc2LGVe6rCs2,Detector-Measurement Point-Traffic Data - Processed-251030_251030.csv,2026-03-03T16:27:47.767Z,2025-10-31T05:16:00.977Z,text/csv,2025-10-30,2510,Procesado,348370
"0,65",1ytZzr_XtaILJFJbEokk6b6jaWQQzU16d,Detector-Measurement Point-Traffic Data - Processed-251029_251029.csv,2026-03-03T16:28:49.734Z,2025-10-30T05:15:38.085Z,text/csv,2025-10-29,2510,Procesado,345382
"0,65",1zuqd6WleXrM05NTpQeulfddSaE49jFn6,Detector-Measurement Point-Traffic Data - Processed-251028_251028.csv,2026-03-03T16:27:44.823Z,2025-10-29T05:16:39.911Z,text/csv,2025-10-28,2510,Procesado,344668
"0,65",1It4pJbQ220eAY37NJw7zR2c8Dqd-N7Vh,Detector-Measurement Point-Traffic Data - Processed-251027_251027.csv,2026-03-03T16:28:10.940Z,2025-10-28T05:15:59.052Z,text/csv,2025-10-27,2510,Procesado,342096
"0,65",1TuOdOpBRU6ZM4U3hz1RsIcFj85jIQeaq,Detector-Measurement Point-Traffic Data - Processed-251026_251026.csv,2026-03-03T16:28:15.835Z,2025-10-27T05:15:10.770Z,text/csv,2025-10-26,2510,Procesado,313718
"0,65",1NU7JFys0OiLJBZx3VexB0RAW6HqnhlLD,Detector-Measurement Point-Traffic Data - Processed-251025_251025.csv,2026-03-03T16:29:51.485Z,2025-10-26T05:15:58.278Z,text/csv,2025-10-25,2510,Procesado,324808
"0,65",1UzrZpu-_4fAl-Inn8loziMoI2bn7ImNx,Detektor-Messquerschnitt-Verkehrsmesswerte - Verarbeitet-251024_251024.csv,2026-03-03T16:27:40.618Z,2025-10-25T05:16:18.394Z,text/csv,2025-10-24,2510,Procesado,322746
"0,65",1fSraOVdXdVBodylMW9jF4l56_rExD7X2,Detektor-Messquerschnitt-Verkehrsmesswerte - Verarbeitet-251023_251023.csv,2026-03-03T16:27:35.019Z,2025-10-24T05:15:27.360Z,text/csv,2025-10-23,2510,Procesado,316328
"0,65",1Fv_s2CdSbZ1pu291eQcMUN9tqawMPElJ,Detektor-Messquerschnitt-Verkehrsmesswerte - Verarbeitet-251022_251022.csv,2026-03-03T16:29:47.632Z,2025-10-23T05:14:56.008Z,text/csv,2025-10-22,2510,Procesado,337167
"0,65",14GNnjozCvJg1LYs-DKmxo1lIBRG5Er0H,Detektor-Messquerschnitt-Verkehrsmesswerte - Verarbeitet-251021_251021.csv,2026-03-03T16:28:47.275Z,2025-10-22T05:15:37.857Z,text/csv,2025-10-21,2510,Procesado,337702
"0,65",1ctDyo9FojmHjgdQaatcpASNa_d_wsFnu,Detektor-Messquerschnitt-Verkehrsmesswerte - Verarbeitet-251020_251020.csv,2026-03-03T16:27:57.167Z,2025-10-21T05:15:16.982Z,text/csv,2025-10-20,2510,Procesado,339185
"0,65",1FAtVf0vUXAZImwcev8oRiE3p7ECWUWz7,Detektor-Messquerschnitt-Verkehrsmesswerte - Verarbeitet-251019_251019.csv,2026-03-03T16:28:25.839Z,2025-10-20T05:15:29.283Z,text/csv,2025-10-19,2510,Procesado,341847
"0,65",1jqotXOC9xPdX5clte2jGCQ7WFToyVGnI,Detektor-Messquerschnitt-Verkehrsmesswerte - Verarbeitet-251018_251018.csv,2026-03-03T16:27:41.073Z,2025-10-19T05:15:15.944Z,text/csv,2025-10-18,2510,Procesado,343007
"0,65",1FBy9SKWTTwycyLrmvLvq2hIkS1weXn-f,Detektor-Messquerschnitt-Verkehrsmesswerte - Verarbeitet-251017_251017.csv,2026-03-03T16:29:14.678Z,2025-10-18T05:15:22.189Z,text/csv,2025-10-17,2510,Procesado,325799
"0,65",1N2UG7tMlHZX39Y-qCEbbYyCMbvovmi9t,Detektor-Messquerschnitt-Verkehrsmesswerte - Verarbeitet-251016_251016.csv,2026-03-03T16:29:51.184Z,2025-10-17T05:16:16.116Z,text/csv,2025-10-16,2510,Procesado,286206
"0,65",15Enfh7IjoC6sABDYAc8LWcXPThz7Ovk-,Detektor-Messquerschnitt-Verkehrsmesswerte - Verarbeitet-251015_251015.csv,2026-03-03T16:29:25.115Z,2025-10-16T05:16:00.158Z,text/csv,2025-10-15,2510,Procesado,287187
"0,66",1QV74xxSqFoSLpfIT5BfnpcFuPicBtC9-,Detektor-Messquerschnitt-Verkehrsmesswerte - Verarbeitet-251014_251014.csv,2026-03-03T16:27:35.636Z,2025-10-15T05:14:52.528Z,text/csv,2025-10-14,2510,Procesado,307440
"0,65",1RU_2nmElFZzbsczRSO9GW6EI5EHybowT,Detektor-Messquerschnitt-Verkehrsmesswerte - Verarbeitet-251013_251013.csv,2026-03-03T16:27:42.361Z,2025-10-14T05:14:06.404Z,text/csv,2025-10-13,2510,Procesado,347533
"0,65",1DwFO5rmjDLYBQCW2f4CPcckv232AP7Mv,Detektor-Messquerschnitt-Verkehrsmesswerte - Verarbeitet-251012_251012.csv,2026-03-03T16:29:14.981Z,2025-10-13T05:14:26.808Z,text/csv,2025-10-12,2510,Procesado,343932
"0,65",12Jh5DRmSnWlzP-MySh29HinrUm2cR6lg,Detektor-Messquerschnitt-Verkehrsmesswerte - Verarbeitet-251011_251011.csv,2026-03-03T16:29:31.286Z,2025-10-12T05:14:25.733Z,text/csv,2025-10-11,2510,Procesado,328919
"0,66",1dldUyjtaQB2tuLrSHtjRu3RiuNm38PDA,Detektor-Messquerschnitt-Verkehrsmesswerte - Verarbeitet-251010_251010.csv,2026-03-03T16:29:09.885Z,2025-10-11T05:14:29.448Z,text/csv,2025-10-10,2510,Procesado,336234
"0,66",1KKCklUie1oAGKl_lQOfN3T7BEYCH1L-n,Detektor-Messquerschnitt-Verkehrsmesswerte - Verarbeitet-251009_251009.csv,2026-03-03T16:28:59.445Z,2025-10-10T05:16:44.302Z,text/csv,2025-10-09,2510,Procesado,339133
"0,66",1AltFa0_B2MB_AznuxE_y-2HWiZMEWhC5,Detektor-Messquerschnitt-Verkehrsmesswerte - Verarbeitet-251008_251008.csv,2026-03-03T16:27:48.366Z,2025-10-09T05:14:30.796Z,text/csv,2025-10-08,2510,Procesado,338844
"0,66",1S6hOkKc8b41QaofPTxmz-4LwzrYguZ_O,Detektor-Messquerschnitt-Verkehrsmesswerte - Verarbeitet-251007_251007.csv,2026-03-03T16:28:51.471Z,2025-10-08T05:13:31.929Z,text/csv,2025-10-07,2510,Procesado,342200
"0,66",12BQWQgF2azaS7BYXjCyCLRDX-q0_LQWe,Detektor-Messquerschnitt-Verkehrsmesswerte - Verarbeitet-251006_251006.csv,2026-03-03T16:28:52.115Z,2025-10-07T05:14:08.330Z,text/csv,2025-10-06,2510,Procesado,339089
"0,66",1F0XbgOUTQSlFeNIxmJiIkae-9zyeFsad,Detektor-Messquerschnitt-Verkehrsmesswerte - Verarbeitet-251005_251005.csv,2026-03-03T16:29:47.237Z,2025-10-06T05:13:41.217Z,text/csv,2025-10-05,2510,Procesado,337924
"0,66",1QTbgzrq166mtYW31Ne7OsoIlzSUHzjYD,Detektor-Messquerschnitt-Verkehrsmesswerte - Verarbeitet-251004_251004.csv,2026-03-03T16:29:28.685Z,2025-10-05T05:13:31.559Z,text/csv,2025-10-04,2510,Procesado,314297
"0,66",1HXcifQbiPTo-Qbp5JhL95tS0To9JIhXo,Detektor-Messquerschnitt-Verkehrsmesswerte - Verarbeitet-251003_251003.csv,2026-03-03T16:28:39.624Z,2025-10-04T05:13:41.769Z,text/csv,2025-10-03,2510,Procesado,316495
"0,66",1D-FU-yTkeB14XimzhJ5WYJb05qKaZHwA,Detektor-Messquerschnitt-Verkehrsmesswerte - Verarbeitet-251002_251002.csv,2026-03-03T16:27:58.708Z,2025-10-03T05:16:13.511Z,text/csv,2025-10-02,2510,Procesado,316795
"0,61",1PDLv2hSGuobGKKCHXQVYM9PlB1QG6ifL,Detektor-Messquerschnitt-Verkehrsmesswerte - Verarbeitet-251001_251001.csv,2026-03-03T16:27:52.471Z,2025-10-02T05:14:37.217Z,text/csv,2025-10-01,2510,Procesado,316528
"0,66",11JGsydDWMhNMA3Kv4Y2dArPwCTUZWZyA,Detector-Punto de medición-Datos de tráfico - procesados-251001_251001.csv,2026-03-03T16:28:54.413Z,2025-10-02T13:37:28.205Z,text/csv,2025-10-01,2510,Pendiente,0
"0,61",1MD9D-w7-N2q-22YqctBvybZXlRRg2-EB,Detektor-Messquerschnitt-Verkehrsmesswerte - Verarbeitet-250930_250930.csv,2026-03-03T16:29:34.992Z,2025-10-01T05:30:19.910Z,text/csv,2025-09-30,2509,Procesado,319555
"0,62",1JNLsGCjDETYcOtKsqgeX6twC8FoYtIr0,Detektor-Messquerschnitt-Verkehrsmesswerte - Verarbeitet-250929_250929.csv,2026-03-03T16:28:10.036Z,2025-09-30T05:14:47.571Z,text/csv,2025-09-29,2509,Procesado,318053
"0,62",1hiddE7qaSYugZnc0FBaSpuNmzgITD4HK,Detektor-Messquerschnitt-Verkehrsmesswerte - Verarbeitet-250928_250928.csv,2026-03-03T16:29:05.735Z,2025-09-29T05:16:04.576Z,text/csv,2025-09-28,2509,Procesado,320470
"0,62",1pBzo2aYkOUz5SMur0EyxHsIKaQtarjgk,Detektor-Messquerschnitt-Verkehrsmesswerte - Verarbeitet-250927_250927.csv,2026-03-03T16:27:41.449Z,2025-09-28T05:16:01.676Z,text/csv,2025-09-27,2509,Procesado,317997
"0,62",1gzK3z6GuQ4-wzhEz0JC8kM37Gt79duYV,Detektor-Messquerschnitt-Verkehrsmesswerte - Verarbeitet-250926_250926.csv,2026-03-03T16:29:50.558Z,2025-09-27T05:14:01.975Z,text/csv,2025-09-26,2509,Procesado,321011
"0,62",13Qftle5GlV54CoofLmDUlBuarG63_yiv,Detektor-Messquerschnitt-Verkehrsmesswerte - Verarbeitet-250925_250925.csv,2026-03-03T16:27:54.684Z,2025-09-26T05:13:28.764Z,text/csv,2025-09-25,2509,Procesado,314930
"0,62",1rxIRAIEVy49789f4PiXdj58Z_2INGDWk,Detektor-Messquerschnitt-Verkehrsmesswerte - Verarbeitet-250924_250924.csv,2026-03-03T16:28:03.920Z,2025-09-25T05:13:59.739Z,text/csv,2025-09-24,2509,Procesado,313282
"0,62",1ZwmWJhq6kDQIusdRZom96NKFQsza6pqF,Detektor-Messquerschnitt-Verkehrsmesswerte - Verarbeitet-250923_250923.csv,2026-03-03T16:27:58.993Z,2025-09-24T05:13:37.970Z,text/csv,2025-09-23,2509,Procesado,308707
"0,62",1_AHRoh_W-g94myynp80WXWVRPNKmhki1,Detektor-Messquerschnitt-Verkehrsmesswerte - Verarbeitet-250922_250922.csv,2026-03-03T16:27:38.394Z,2025-09-23T05:13:37.911Z,text/csv,2025-09-22,2509,Procesado,312889
"0,62",1HothklPAJJ_F21ld-cMvqXToBC-snR5A,Detektor-Messquerschnitt-Verkehrsmesswerte - Verarbeitet-250921_250921.csv,2026-03-03T16:29:02.891Z,2025-09-22T05:13:33.350Z,text/csv,2025-09-21,2509,Procesado,315855
"0,62",1i-vd-eThH1NTZtWTJ2epqUVE3nNBdB2W,Detektor-Messquerschnitt-Verkehrsmesswerte - Verarbeitet-250920_250920.csv,2026-03-03T16:29:32.505Z,2025-09-21T05:14:20.285Z,text/csv,2025-09-20,2509,Procesado,313845
"0,62",1EtSA_3a-qSRvecgh4LtYYPziOZMdJULi,Detektor-Messquerschnitt-Verkehrsmesswerte - Verarbeitet-250919_250919.csv,2026-03-03T16:29:37.006Z,2025-09-20T05:13:58.442Z,text/csv,2025-09-19,2509,Procesado,306722
"0,62",1l64h6xhUxg2U-pIGTJw3KI53QggMC532,Detektor-Messquerschnitt-Verkehrsmesswerte - Verarbeitet-250918_250918.csv,2026-03-03T16:29:35.272Z,2025-09-19T05:17:40.197Z,text/csv,2025-09-18,2509,Procesado,310674
"0,62",1IsMSJqInOkKf03TVSRWo9oCfClSZ9tco,Detektor-Messquerschnitt-Verkehrsmesswerte - Verarbeitet-250917_250917.csv,2026-03-03T16:28:42.360Z,2025-09-18T05:13:30.069Z,text/csv,2025-09-17,2509,Procesado,310604
"0,62",10K2cSbQtLvfMqH4V0yTTEGURUqb3uoYu,Detektor-Messquerschnitt-Verkehrsmesswerte - Verarbeitet-250916_250916.csv,2026-03-03T16:29:36.474Z,2025-09-17T05:13:37.373Z,text/csv,2025-09-16,2509,Procesado,312058
"0,62",1-7DMea39A4QXCCeJzl10y5kD3PJV8hMO,Detektor-Messquerschnitt-Verkehrsmesswerte - Verarbeitet-250915_250915.csv,2026-03-03T16:28:57.324Z,2025-09-16T05:13:32.643Z,text/csv,2025-09-15,2509,Procesado,316857
"0,62",1CfZURiT7DONizAPl1BPVg3glpjuHBA9H,Detektor-Messquerschnitt-Verkehrsmesswerte - Verarbeitet-250914_250914.csv,2026-03-03T16:29:13.740Z,2025-09-15T05:13:34.115Z,text/csv,2025-09-14,2509,Procesado,316583
"0,62",1lW7G6Fzp35NuqiEX3-uu--iPEHOaWkHw,Detektor-Messquerschnitt-Verkehrsmesswerte - Verarbeitet-250913_250913.csv,2026-03-03T16:29:21.092Z,2025-09-14T05:14:46.688Z,text/csv,2025-09-13,2509,Procesado,324581
"0,62",1tDQBhe5CT7xHDNlIFtCZDNmRKGtwYtDR,Detektor-Messquerschnitt-Verkehrsmesswerte - Verarbeitet-250912_250912.csv,2026-03-03T16:29:09.028Z,2025-09-13T05:15:42.411Z,text/csv,2025-09-12,2509,Procesado,333335
"0,62",1gf2ELRpSdnsELLVvbz8gKz-nyRimDCCG,Detektor-Messquerschnitt-Verkehrsmesswerte - Verarbeitet-250911_250911.csv,2026-03-03T16:28:22.380Z,2025-09-12T05:17:15.926Z,text/csv,2025-09-11,2509,Procesado,330299
"0,62",1dybp4MwGLxkBq8-QvY5zYrnquo8FlwAB,Detektor-Messquerschnitt-Verkehrsmesswerte - Verarbeitet-250910_250910.csv,2026-03-03T16:29:49.462Z,2025-09-11T05:14:44.380Z,text/csv,2025-09-10,2509,Procesado,330978
"0,66",1TpI7Go4X_9UoFUIKb1HJEHagV1hOIKl4,Detektor-Messquerschnitt-Verkehrsmesswerte - Verarbeitet-250909_250909.csv,2026-03-03T16:28:23.216Z,2025-09-10T05:14:35.956Z,text/csv,2025-09-09,2509,Procesado,334845
"0,66",1gYyABe12UaNFO_e5O7sTmeIw9Hb4ruop,Detektor-Messquerschnitt-Verkehrsmesswerte - Verarbeitet-250908_250908.csv,2026-03-03T16:28:50.778Z,2025-09-09T05:14:37.647Z,text/csv,2025-09-08,2509,Procesado,331536
"0,66",1Nm3vZjjuiZQ2-Bl4cPTR2m3wP3y66iAG,Detektor-Messquerschnitt-Verkehrsmesswerte - Verarbeitet-250907_250907.csv,2026-03-03T16:28:59.150Z,2025-09-08T05:15:34.770Z,text/csv,2025-09-07,2509,Procesado,329303
"0,66",1LVBoIUN_qY2u4cor3c9RMWZIct1DXuCV,Detektor-Messquerschnitt-Verkehrsmesswerte - Verarbeitet-250906_250906.csv,2026-03-03T16:27:39.666Z,2025-09-07T05:15:21.934Z,text/csv,2025-09-06,2509,Procesado,332631
"0,66",184BPaw3eiORbelLBjnZjpoceZNm55sVa,Detektor-Messquerschnitt-Verkehrsmesswerte - Verarbeitet-250905_250905.csv,2026-03-03T16:27:56.868Z,2025-09-06T05:16:30.830Z,text/csv,2025-09-05,2509,Procesado,329812
"0,66",1qvwudES28BgtWoW2l1JGRZC3WRTF27Zu,Detektor-Messquerschnitt-Verkehrsmesswerte - Verarbeitet-250904_250904.csv,2026-03-03T16:29:11.325Z,2025-09-05T05:16:08.966Z,text/csv,2025-09-04,2509,Procesado,320244
"0,67",1K3jgy4LIZAewQncgvhvqkFxEgMsHqQew,Detektor-Messquerschnitt-Verkehrsmesswerte - Verarbeitet-250903_250903.csv,2026-03-03T16:29:56.603Z,2025-09-04T05:16:17.094Z,text/csv,2025-09-03,2509,Procesado,323240
"0,67",1LicJblfkmcmopUmXfd6MxGLEFRN0fsiO,Detektor-Messquerschnitt-Verkehrsmesswerte - Verarbeitet-250902_250902.csv,2026-03-03T16:28:01.290Z,2025-09-03T05:14:13.562Z,text/csv,2025-09-02,2509,Procesado,324939
"0,67",10ttsw8APX7k7rbvaUaOlwAJvkhah5ues,Detektor-Messquerschnitt-Verkehrsmesswerte - Verarbeitet-250901_250901.csv,2026-03-03T16:28:44.909Z,2025-09-02T05:14:09.934Z,text/csv,2025-09-01,2509,Procesado,330207
"0,67",1aQ6xLfeXDu5-zNlNIskGTu6pmVCl6gL6,Detektor-Messquerschnitt-Verkehrsmesswerte - Verarbeitet-250831_250831.csv,2026-03-03T16:28:59.804Z,2025-09-01T05:15:01.506Z,text/csv,2025-08-31,2508,Procesado,335837
"0,67",1n9347MRPhNA7O3iPOD7c1ukxNRcV_VBW,Detektor-Messquerschnitt-Verkehrsmesswerte - Verarbeitet-250830_250830.csv,2026-03-03T16:29:33.932Z,2025-08-31T05:14:10.763Z,text/csv,2025-08-30,2508,Procesado,339862
"0,67",1nToJH3iHJqL0XSe29luHAzfoBhViUjzf,Detektor-Messquerschnitt-Verkehrsmesswerte - Verarbeitet-250829_250829.csv,2026-03-03T16:28:04.851Z,2025-08-30T05:14:47.063Z,text/csv,2025-08-29,2508,Procesado,335320
"0,67",1SSzcq3_RCCRfKoYfuwHT2FW17ygLg2WX,Detektor-Messquerschnitt-Verkehrsmesswerte - Verarbeitet-250828_250828.csv,2026-03-03T16:29:17.696Z,2025-08-29T05:15:40.620Z,text/csv,2025-08-28,2508,Procesado,334491
"0,67",1rm_jPZv2n_jsE0s9uZNiHY7oQzDlrJZ_,Detektor-Messquerschnitt-Verkehrsmesswerte - Verarbeitet-250827_250827.csv,2026-03-03T16:27:34.618Z,2025-08-28T05:15:13.126Z,text/csv,2025-08-27,2508,Procesado,337118
"0,67",1CDktAxzuxI0KRnN7f_Ef-vfk9PKy-umR,Detektor-Messquerschnitt-Verkehrsmesswerte - Verarbeitet-250826_250826.csv,2026-03-03T16:27:45.128Z,2025-08-27T05:16:42.821Z,text/csv,2025-08-26,2508,Procesado,342132
"0,68",1Hc5yEBsQtTMyz8_R0L1RNtBE5mq65FZZ,Detektor-Messquerschnitt-Verkehrsmesswerte - Verarbeitet-250825_250825.csv,2026-03-03T16:27:49.841Z,2025-08-26T05:15:16.714Z,text/csv,2025-08-25,2508,Procesado,344191
"0,68",1NBfHsrxlekh3PRynzxIz1zxPwKfJ9TaV,Detektor-Messquerschnitt-Verkehrsmesswerte - Verarbeitet-250824_250824.csv,2026-03-03T16:27:48.754Z,2025-08-25T05:15:21.147Z,text/csv,2025-08-24,2508,Procesado,345125
"0,68",1T1BkYNOb50tS6wDew2KEAMkZtCr3k_DD,Detektor-Messquerschnitt-Verkehrsmesswerte - Verarbeitet-250823_250823.csv,2026-03-03T16:28:14.816Z,2025-08-24T05:15:16.431Z,text/csv,2025-08-23,2508,Procesado,335848
"0,68",1gh_5CyLpZ8n9ZObEA1K09fyleOFGSG9n,Detektor-Messquerschnitt-Verkehrsmesswerte - Verarbeitet-250822_250822.csv,2026-03-03T16:28:31.199Z,2025-08-23T05:15:40.129Z,text/csv,2025-08-22,2508,Procesado,264284
"0,68",1ri4UNHIDa_KqRH91tje8C657BYIOn-bq,Detektor-Messquerschnitt-Verkehrsmesswerte - Verarbeitet-250821_250821.csv,2026-03-03T16:28:50.343Z,2025-08-22T05:16:53.248Z,text/csv,2025-08-21,2508,Procesado,344610
"0,68",1GGGgH8dHW1ioH3mEaHxuLfXILO5f-1-T,Detektor-Messquerschnitt-Verkehrsmesswerte - Verarbeitet-250820_250820.csv,2026-03-03T16:29:30.494Z,2025-08-21T05:16:21.367Z,text/csv,2025-08-20,2508,Procesado,346845
"0,68",1Gv331nREVkshhwKysdwp_Qr0-cfrZzVh,Detektor-Messquerschnitt-Verkehrsmesswerte - Verarbeitet-250819_250819.csv,2026-03-03T16:27:38.703Z,2025-08-20T05:28:28.689Z,text/csv,2025-08-19,2508,Procesado,346975
"0,68",1yjXALuUcGm86Yg8fAEXYur0Z4IO-RX4W,Detektor-Messquerschnitt-Verkehrsmesswerte - Verarbeitet-250818_250818.csv,2026-03-03T16:29:10.473Z,2025-08-19T05:15:20.666Z,text/csv,2025-08-18,2508,Procesado,344932
"0,68",10F62Yb57zgpoA_Pj5RcYa9yE5xGkEHyZ,Detektor-Messquerschnitt-Verkehrsmesswerte - Verarbeitet-250817_250817.csv,2026-03-03T16:27:53.077Z,2025-08-18T05:14:42.441Z,text/csv,2025-08-17,2508,Procesado,346560
"0,68",1sF9uuvHeMRI-P1crz3MBTWI9WpjELbwO,Detektor-Messquerschnitt-Verkehrsmesswerte - Verarbeitet-250816_250816.csv,2026-03-03T16:29:39.719Z,2025-08-17T05:15:06.701Z,text/csv,2025-08-16,2508,Procesado,345742
"0,68",1X1RQlLcNVUGSBWWpaZ6q-jMwp3CpuIyS,Detektor-Messquerschnitt-Verkehrsmesswerte - Verarbeitet-250815_250815.csv,2026-03-03T16:27:52.775Z,2025-08-16T05:15:14.344Z,text/csv,2025-08-15,2508,Procesado,345131
"0,68",13KCLO8bk-lotzFRO40kwH2pLcCMyjSU3,Detektor-Messquerschnitt-Verkehrsmesswerte - Verarbeitet-250814_250814.csv,2026-03-03T16:29:38.768Z,2025-08-15T05:14:45.716Z,text/csv,2025-08-14,2508,Procesado,347606
"0,68",1J8yYqKB981E4w_NJMyJCwqg1ETYHpkba,Detektor-Messquerschnitt-Verkehrsmesswerte - Verarbeitet-250813_250813.csv,2026-03-03T16:29:01.116Z,2025-08-14T05:15:14.885Z,text/csv,2025-08-13,2508,Procesado,346559
"0,68",1cpY19OvS6eVJfxCmXvhLXSDU7NRg5UaI,Detektor-Messquerschnitt-Verkehrsmesswerte - Verarbeitet-250812_250812.csv,2026-03-03T16:28:32.450Z,2025-08-13T05:14:48.660Z,text/csv,2025-08-12,2508,Procesado,344567
"0,68",1tYl2IQLM7WxbAu6zDXerrfBejOp0xULw,Detektor-Messquerschnitt-Verkehrsmesswerte - Verarbeitet-250811_250811.csv,2026-03-03T16:28:57.045Z,2025-08-12T05:15:35.361Z,text/csv,2025-08-11,2508,Procesado,343833
"0,68",1Yg9_04_SREsmMrbBum9optFNS81dmUE-,Detektor-Messquerschnitt-Verkehrsmesswerte - Verarbeitet-250810_250810.csv,2026-03-03T16:29:21.428Z,2025-08-11T05:15:36.300Z,text/csv,2025-08-10,2508,Procesado,341290
"0,68",1TOrYkMai2EvAnW77lbv0rkip2cmqjEXh,Detektor-Messquerschnitt-Verkehrsmesswerte - Verarbeitet-250809_250809.csv,2026-03-03T16:28:17.194Z,2025-08-10T05:15:03.717Z,text/csv,2025-08-09,2508,Procesado,341921
"0,68",1PCZ_F5hb77x5WV2n3MjpFA53PK0H2nRM,Detektor-Messquerschnitt-Verkehrsmesswerte - Verarbeitet-250808_250808.csv,2026-03-03T16:29:07.238Z,2025-08-09T05:15:34.057Z,text/csv,2025-08-08,2508,Procesado,337945
"0,68",1EJlXsdAfxgFHXNvliMz8C9JElJmQ6DLl,Detektor-Messquerschnitt-Verkehrsmesswerte - Verarbeitet-250807_250807.csv,2026-03-03T16:28:04.526Z,2025-08-08T05:15:11.361Z,text/csv,2025-08-07,2508,Procesado,336819
"0,68",16nNyS39yrACYxFtJ6ErsWqDC2cGi6Fti,Detektor-Messquerschnitt-Verkehrsmesswerte - Verarbeitet-250806_250806.csv,2026-03-03T16:27:55.775Z,2025-08-07T05:16:21.201Z,text/csv,2025-08-06,2508,Procesado,334498
"0,68",1jqEWQuD3dj6iPU09A0V4Dd_YxlEEq1NW,Detektor-Messquerschnitt-Verkehrsmesswerte - Verarbeitet-250805_250805.csv,2026-03-03T16:29:56.245Z,2025-08-06T05:15:10.470Z,text/csv,2025-08-05,2508,Procesado,337197
"0,68",1gCEPdMBNtvIZw7qGQWcjewfq0M1gbLHf,Detektor-Messquerschnitt-Verkehrsmesswerte - Verarbeitet-250804_250804.csv,2026-03-03T16:27:49.241Z,2025-08-05T05:15:09.797Z,text/csv,2025-08-04,2508,Procesado,323203
"0,68",1vE12_O9hwr83vxYuUHxuAsMt_kugR0cc,Detektor-Messquerschnitt-Verkehrsmesswerte - Verarbeitet-250803_250803.csv,2026-03-03T16:28:18.251Z,2025-08-04T05:15:50.209Z,text/csv,2025-08-03,2508,Procesado,331218
"0,68",1z9P941nPw4GV5G5xTFuNtD5Ej_MCsd2M,Detektor-Messquerschnitt-Verkehrsmesswerte - Verarbeitet-250802_250802.csv,2026-03-03T16:28:55.728Z,2025-08-03T05:15:17.412Z,text/csv,2025-08-02,2508,Procesado,334576
"0,68",1Gnobo3oad42gN0j1TGmEhqyr8UoXHeOw,Detektor-Messquerschnitt-Verkehrsmesswerte - Verarbeitet-250801_250801.csv,2026-03-03T16:29:15.893Z,2025-08-02T05:15:22.000Z,text/csv,2025-08-01,2508,Procesado,328952
"0,68",1htJYwuVlr85z_MnqePKjIXeeKtiwKMzH,Detektor-Messquerschnitt-Verkehrsmesswerte - Verarbeitet-250731_250731.csv,2026-03-03T16:28:16.633Z,2025-08-01T05:15:19.496Z,text/csv,2025-07-31,2507,Procesado,330136
"0,68",1D2TeVQ7K4bg9H2-TAF0QE0prp2eFNp0H,Detektor-Messquerschnitt-Verkehrsmesswerte - Verarbeitet-250730_250730.csv,2026-03-03T16:27:51.348Z,2025-07-31T05:15:42.783Z,text/csv,2025-07-30,2507,Procesado,328783
"0,68",1d0HUWi51LxkuRVAroGyF86fpHEnLZFIm,Detektor-Messquerschnitt-Verkehrsmesswerte - Verarbeitet-250729_250729.csv,2026-03-03T16:27:54.298Z,2025-07-30T05:15:26.422Z,text/csv,2025-07-29,2507,Procesado,333101
"0,68",1JIOiTUiSILP5Ccus_F5U8WwsR03Wnzb9,Detektor-Messquerschnitt-Verkehrsmesswerte - Verarbeitet-250728_250728.csv,2026-03-03T16:27:35.333Z,2025-07-29T05:15:37.303Z,text/csv,2025-07-28,2507,Procesado,335943
"0,68",12ogAWw4RffFmbcN7Nxl0XA-SYijyYzDS,Detektor-Messquerschnitt-Verkehrsmesswerte - Verarbeitet-250727_250727.csv,2026-03-03T16:28:28.267Z,2025-07-28T05:15:53.092Z,text/csv,2025-07-27,2507,Procesado,333995
"0,68",1rCffzV21RdKi5lmxHnzjLA5hiJv_3VDH,Detektor-Messquerschnitt-Verkehrsmesswerte - Verarbeitet-250726_250726.csv,2026-03-03T16:29:53.856Z,2025-07-27T05:15:18.634Z,text/csv,2025-07-26,2507,Procesado,327664
"0,68",1PYBxCvTyVM1SHBV_ctir2_Q-f0fWAfqP,Detektor-Messquerschnitt-Verkehrsmesswerte - Verarbeitet-250725_250725.csv,2026-03-03T16:27:37.109Z,2025-07-26T05:16:08.331Z,text/csv,2025-07-25,2507,Procesado,326200
"0,68",1HX0NL2-OGlgwv3F4fd5i0QdTbnMamXI3,Detektor-Messquerschnitt-Verkehrsmesswerte - Verarbeitet-250724_250724.csv,2026-03-03T16:28:15.534Z,2025-07-25T05:15:15.392Z,text/csv,2025-07-24,2507,Procesado,326358
"0,68",1l68W4pS448KyzgmYS0eH8g4WmC9U2Lsv,Detektor-Messquerschnitt-Verkehrsmesswerte - Verarbeitet-250723_250723.csv,2026-03-03T16:28:31.839Z,2025-07-24T05:15:15.613Z,text/csv,2025-07-23,2507,Procesado,327559
"0,67",1ngfQQIr4sX2s8UjXe40ZgcIqR7YZM3cJ,Detektor-Messquerschnitt-Verkehrsmesswerte - Verarbeitet-250722_250722.csv,2026-03-03T16:28:54.107Z,2025-07-23T05:15:41.967Z,text/csv,2025-07-22,2507,Procesado,325449
"0,67",1WP1PdkfzU7ydHTmcogrp4ro8JUIJoRKu,Detektor-Messquerschnitt-Verkehrsmesswerte - Verarbeitet-250721_250721.csv,2026-03-03T16:27:46.398Z,2025-07-22T05:15:16.843Z,text/csv,2025-07-21,2507,Procesado,323685
"0,68",1AyOHx4Q3KlH5OvSFWHr9kUcydtRoum53,Detector-Punto de medición-Datos de tráfico - procesados-250721_250721.csv,2026-03-03T16:28:01.600Z,2025-07-22T23:10:05.251Z,text/csv,2025-07-21,2507,Pendiente,0
"0,68",1dYqvGGoFVNHpfz6YvBNFld18NdSGQr7P,Detektor-Messquerschnitt-Verkehrsmesswerte - Verarbeitet-250720_250720.csv,2026-03-03T16:27:46.702Z,2025-07-21T05:16:23.418Z,text/csv,2025-07-20,2507,Procesado,320137
"0,68",1CEm_aRf-Fz6GYiPlzQLTzhyuf5zXGxQS,Detektor-Messquerschnitt-Verkehrsmesswerte - Verarbeitet-250719_250719.csv,2026-03-03T16:29:06.845Z,2025-07-20T05:16:23.133Z,text/csv,2025-07-19,2507,Procesado,323106
"0,68",10qMwuOlR9twZmyrAQykZzKhU5dJ8_Y0V,Detektor-Messquerschnitt-Verkehrsmesswerte - Verarbeitet-250718_250718.csv,2026-03-03T16:29:27.490Z,2025-07-19T05:15:29.809Z,text/csv,2025-07-18,2507,Procesado,320304
"0,67",1KZKCfY-RB1Fn2-ud33AaeTHuyqOrLnUL,Detector-Punto de medición-Datos de tráfico - procesados-250717_250717.csv,2026-03-03T16:28:12.656Z,2025-07-18T15:53:32.398Z,text/csv,2025-07-17,2507,Pendiente,0
"0,67",1JZbtGzf_ucHYuhvpBQqqFAuQai0ZW3EG,Detektor-Messquerschnitt-Verkehrsmesswerte - Verarbeitet-250717_250717.csv,2026-03-03T16:28:21.486Z,2025-07-18T05:15:22.882Z,text/csv,2025-07-17,2507,Procesado,319062
"0,67",1Z_UgfzHmY7wGuLSDm5hZGHnqOzxOXOSv,Detektor-Messquerschnitt-Verkehrsmesswerte - Verarbeitet-250716_250716.csv,2026-03-03T16:27:55.460Z,2025-07-17T05:15:14.977Z,text/csv,2025-07-16,2507,Procesado,322331
"0,67",1QNcFOMOcChb_9JXJwkBFwe_M9Ppwoyfn,Detektor-Messquerschnitt-Verkehrsmesswerte - Verarbeitet-250715_250715.csv,2026-03-03T16:28:26.575Z,2025-07-16T05:15:30.397Z,text/csv,2025-07-15,2507,Procesado,321281
"1,05",1ZtLnU8Ph9Hd34fG1sFt0hUkcbQk3Be-R,Detector-Punto de medición-Datos de tráfico - procesados-250715_250721.csv,2026-03-03T16:28:13.104Z,2025-07-22T22:52:35.285Z,text/csv,2025-07-15,2507,Pendiente,0
"0,67",1wu51_cmkrPnJKPvcz8Xfx0GRJeA6SMy9,Detektor-Messquerschnitt-Verkehrsmesswerte - Verarbeitet-250714_250714.csv,2026-03-03T16:29:22.058Z,2025-07-15T05:15:42.817Z,text/csv,2025-07-14,2507,Procesado,314588
"0,67",1vTRoB9HFTyib9zy1jEFzgTsS9vu1BW2U,Detektor-Messquerschnitt-Verkehrsmesswerte - Verarbeitet-250713_250713.csv,2026-03-03T16:28:19.959Z,2025-07-14T05:15:04.010Z,text/csv,2025-07-13,2507,Procesado,315592
"0,67",1kcf5bvgh8HYZA-AbrD0U_MMVvVVdPlGY,Detektor-Messquerschnitt-Verkehrsmesswerte - Verarbeitet-250712_250712.csv,2026-03-03T16:28:19.139Z,2025-07-13T05:15:47.524Z,text/csv,2025-07-12,2507,Procesado,318018
"1,05",1IVV9NC7K8E3m6mc1z_vnUGmdFy7YIhR4,Detector-Punto de medición-Datos de tráfico - procesados-250711_250717.csv,2026-03-03T16:28:42.795Z,2025-07-18T14:43:27.662Z,text/csv,2025-07-11,2507,Pendiente,0
"0,67",1tHhuBbuBSuS3dKSmE1f7_Sz6ybAmAdeL,Detektor-Messquerschnitt-Verkehrsmesswerte - Verarbeitet-250711_250711.csv,2026-03-03T16:27:57.465Z,2025-07-12T05:16:19.869Z,text/csv,2025-07-11,2507,Procesado,316732
"0,67",1STMiueVBcb-at8hED8yd87_PNRnU6Lyr,Detektor-Messquerschnitt-Verkehrsmesswerte - Verarbeitet-250710_250710.csv,2026-03-03T16:27:36.181Z,2025-07-11T05:17:19.507Z,text/csv,2025-07-10,2507,Procesado,319269
"0,67",1MQa69L0KyeuHoh67o7O83449ANt3JUr8,Detektor-Messquerschnitt-Verkehrsmesswerte - Verarbeitet-250709_250709.csv,2026-03-03T16:28:22.092Z,2025-07-10T05:15:49.807Z,text/csv,2025-07-09,2507,Procesado,315710
"0,67",1_LwkwDlc_KdbBrOgUiI0Veui3pKlOX99,Detektor-Messquerschnitt-Verkehrsmesswerte - Verarbeitet-250708_250708.csv,2026-03-03T16:28:53.624Z,2025-07-09T05:15:26.658Z,text/csv,2025-07-08,2507,Procesado,315167
"0,67",1dqWaCGtGX6_GHm_w0-0NbJImULNdiOlK,Detektor-Messquerschnitt-Verkehrsmesswerte - Verarbeitet-250707_250707.csv,2026-03-03T16:28:46.266Z,2025-07-08T05:16:33.593Z,text/csv,2025-07-07,2507,Procesado,312034
"0,67",13uPcZM88hJvkHqTmgJWno4fIkFOTQXkk,Detektor-Messquerschnitt-Verkehrsmesswerte - Verarbeitet-250706_250706.csv,2026-03-03T16:27:44.525Z,2025-07-07T05:15:04.714Z,text/csv,2025-07-06,2507,Procesado,313017
"0,67",1FghnUEMp9jUaQ02yv2LEcmn4Lt6KTiph,Detektor-Messquerschnitt-Verkehrsmesswerte - Verarbeitet-250705_250705.csv,2026-03-03T16:28:20.907Z,2025-07-06T05:15:49.950Z,text/csv,2025-07-05,2507,Procesado,317411
"0,67",1fNAqoB0eVMrGB9x6SpcseJtnYLMIBCIA,Detektor-Messquerschnitt-Verkehrsmesswerte - Verarbeitet-250704_250704.csv,2026-03-03T16:28:57.622Z,2025-07-05T05:16:16.945Z,text/csv,2025-07-04,2507,Procesado,317651
"0,67",1uqlyCpCm4Xh4eeNB3cp6XXFRNDs3oi1H,Detektor-Messquerschnitt-Verkehrsmesswerte - Verarbeitet-250703_250703.csv,2026-03-03T16:28:34.887Z,2025-07-04T05:18:40.543Z,text/csv,2025-07-03,2507,Procesado,317944
"0,67",1-WeGHthuX4Hkr9vWG48wJis682k9nX6_,Detektor-Messquerschnitt-Verkehrsmesswerte - Verarbeitet-250702_250702.csv,2026-03-03T16:29:27.843Z,2025-07-03T05:17:16.786Z,text/csv,2025-07-02,2507,Procesado,319783
"0,67",1tECvlgnUrBJtgEH6IXzMQSgw40I0XXm2,Detektor-Messquerschnitt-Verkehrsmesswerte - Verarbeitet-250701_250701.csv,2026-03-03T16:29:14.388Z,2025-07-02T05:16:00.168Z,text/csv,2025-07-01,2507,Procesado,260911
"0,67",1w-LPL3gp1sTdpLP8ihrbotjFUQd05gKr,Detektor-Messquerschnitt-Verkehrsmesswerte - Verarbeitet-250630_250630.csv,2026-03-03T16:28:46.618Z,2025-07-01T05:15:24.731Z,text/csv,2025-06-30,2506,Procesado,324986
"0,68",1CwLj7VBxXnnP_EPA-ybc3RGgQ3qOE7Y1,Detektor-Messquerschnitt-Verkehrsmesswerte - Verarbeitet-250629_250629.csv,2026-03-03T16:28:29.702Z,2025-06-30T05:16:14.554Z,text/csv,2025-06-29,2506,Procesado,322273
"0,54",1t3ioURraYnIt3eVGvkXH2cd4UUIM-yo6,Detector-Measurement Point-Traffic Data - Processed-250628_250628.csv,2026-03-03T16:28:19.465Z,2025-07-07T17:05:28.079Z,text/csv,2025-06-28,2506,Procesado,319048
"0,68",1K6-k9lf-Lfa5dRzSVDkYee-HXEYUhuKD,Detektor-Messquerschnitt-Verkehrsmesswerte - Verarbeitet-250627_250627.csv,2026-03-03T16:28:30.755Z,2025-06-28T05:15:32.319Z,text/csv,2025-06-27,2506,Procesado,313346
"0,68",1QFMaY51aqelcUykkp6zuEarGnyVuXv8Z,Detektor-Messquerschnitt-Verkehrsmesswerte - Verarbeitet-250626_250626.csv,2026-03-03T16:29:45.639Z,2025-06-27T05:16:32.340Z,text/csv,2025-06-26,2506,Procesado,312334
"0,68",13VH180dRJZO_QddwCq2sWhqgkPauMs7L,Detektor-Messquerschnitt-Verkehrsmesswerte - Verarbeitet-250625_250625.csv,2026-03-03T16:27:36.807Z,2025-06-26T05:15:37.601Z,text/csv,2025-06-25,2506,Procesado,311425
"0,68",1uDqUCuVlhGUP_cLa6qN9IjVoK44pJ5Ss,Detektor-Messquerschnitt-Verkehrsmesswerte - Verarbeitet-250624_250624.csv,2026-03-03T16:28:17.502Z,2025-06-25T05:15:16.937Z,text/csv,2025-06-24,2506,Procesado,312576
"0,68",1luYXYkhpBmF0ItD4Qfl1y4Zr8ALlLmyF,Detektor-Messquerschnitt-Verkehrsmesswerte - Verarbeitet-250623_250623.csv,2026-03-03T16:28:34.433Z,2025-06-24T05:15:44.287Z,text/csv,2025-06-23,2506,Procesado,312263
"0,68",1ar47oWUneu4L6j_mJ3pjGaR-5nj9zE72,Detektor-Messquerschnitt-Verkehrsmesswerte - Verarbeitet-250622_250622.csv,2026-03-03T16:28:09.375Z,2025-06-23T05:14:46.307Z,text/csv,2025-06-22,2506,Procesado,308329
"0,68",1iu8djEuPwxX9aTru-66O2znZ7rU6abGo,Detektor-Messquerschnitt-Verkehrsmesswerte - Verarbeitet-250621_250621.csv,2026-03-03T16:29:23.892Z,2025-06-22T05:15:21.143Z,text/csv,2025-06-21,2506,Procesado,308264
"0,68",1X5Zv2z_E6E9EJhbHNVfjBxzlY8QGChiu,Detektor-Messquerschnitt-Verkehrsmesswerte - Verarbeitet-250620_250620.csv,2026-03-03T16:29:53.434Z,2025-06-21T05:15:16.502Z,text/csv,2025-06-20,2506,Procesado,307176
"0,68",1mQSKNkhNwJ7BuJnAmU6-4P516dG_LtXx,Detektor-Messquerschnitt-Verkehrsmesswerte - Verarbeitet-250619_250619.csv,2026-03-03T16:28:49.298Z,2025-06-20T05:16:27.120Z,text/csv,2025-06-19,2506,Procesado,307522
"0,68",16GYYzmxS5o_3vlKw5EyF-fxKGyPBjZv3,Detektor-Messquerschnitt-Verkehrsmesswerte - Verarbeitet-250618_250618.csv,2026-03-03T16:28:53.227Z,2025-06-19T05:15:39.755Z,text/csv,2025-06-18,2506,Procesado,311065
"0,68",15eIlsMeO_J09fKGY-mfKt1611pYoQ322,Detektor-Messquerschnitt-Verkehrsmesswerte - Verarbeitet-250617_250617.csv,2026-03-03T16:27:52.100Z,2025-06-18T05:16:16.491Z,text/csv,2025-06-17,2506,Procesado,312790
"0,68",1iB7j45r8vVtkNnhEv9sF6neAjOF7LdWD,Detektor-Messquerschnitt-Verkehrsmesswerte - Verarbeitet-250616_250616.csv,2026-03-03T16:29:41.009Z,2025-06-17T05:15:33.209Z,text/csv,2025-06-16,2506,Procesado,316277
"0,68",1ZNnMsbLQFhDFhbzkfAipNCanMjaXx9RO,Detektor-Messquerschnitt-Verkehrsmesswerte - Verarbeitet-250615_250615.csv,2026-03-03T16:29:29.382Z,2025-06-16T05:15:47.412Z,text/csv,2025-06-15,2506,Procesado,320774
"0,68",1nKAWTeyLO29uV4eojfaaJbgGRo7fsfcu,Detektor-Messquerschnitt-Verkehrsmesswerte - Verarbeitet-250614_250614.csv,2026-03-03T16:28:32.761Z,2025-06-15T05:15:42.774Z,text/csv,2025-06-14,2506,Procesado,316490
"0,68",1uw4sFSBAk1YvOHRFmOb3EX5PeEFVAjUO,Detektor-Messquerschnitt-Verkehrsmesswerte - Verarbeitet-250613_250613.csv,2026-03-03T16:28:55.073Z,2025-06-14T05:15:50.351Z,text/csv,2025-06-13,2506,Procesado,314659
"0,68",1ifpUT373V4caQqGAMjQXNw9385k3WaoG,Detektor-Messquerschnitt-Verkehrsmesswerte - Verarbeitet-250612_250612.csv,2026-03-03T16:28:06.196Z,2025-06-13T05:17:51.702Z,text/csv,2025-06-12,2506,Procesado,312637
"0,68",1ZSbInU4KLQevxzQVjolKI_CTn1g0aTmO,Detektor-Messquerschnitt-Verkehrsmesswerte - Verarbeitet-250611_250611.csv,2026-03-03T16:28:29.328Z,2025-06-12T05:15:16.537Z,text/csv,2025-06-11,2506,Procesado,302062
"0,68",1LUnuUdBMajhj4xvzUVq4Vu3daHy4r8H3,Detektor-Messquerschnitt-Verkehrsmesswerte - Verarbeitet-250610_250610.csv,2026-03-03T16:28:33.200Z,2025-06-11T05:20:45.483Z,text/csv,2025-06-10,2506,Procesado,302062
"0,68",1oWPc9e8s9X5PK21swHq3jlgVyvqev4p5,Detektor-Messquerschnitt-Verkehrsmesswerte - Verarbeitet-250609_250609.csv,2026-03-03T16:29:15.426Z,2025-06-10T05:15:15.883Z,text/csv,2025-06-09,2506,Procesado,302062
"0,68",1-byDdcN7yGtIuOkgwFdW_JYbptupm-Gr,Detektor-Messquerschnitt-Verkehrsmesswerte - Verarbeitet-250608_250608.csv,2026-03-03T16:29:17.396Z,2025-06-09T05:24:56.732Z,text/csv,2025-06-08,2506,Procesado,302062
"0,6",1Daw_AIfdEcfjlZi2TIcul7YritLfkzTd,Detector-Measurement Point-Traffic Data - Processed-250608_250608.csv,2026-03-03T16:29:20.807Z,2025-06-09T19:52:21.310Z,text/csv,2025-06-08,2506,Procesado,302062
"0,68",1xwek5L7WuJNk5WvBGrkEKSS2pcEmuQqu,Detektor-Messquerschnitt-Verkehrsmesswerte - Verarbeitet-250607_250607.csv,2026-03-03T16:28:08.373Z,2025-06-08T05:15:18.090Z,text/csv,2025-06-07,2506,Procesado,303966
"0,68",1cI51GZHGju66QoEJYrQRqSAzortkx_9-,Detektor-Messquerschnitt-Verkehrsmesswerte - Verarbeitet-250606_250606.csv,2026-03-03T16:29:35.885Z,2025-06-07T05:15:06.295Z,text/csv,2025-06-06,2506,Procesado,307711
"0,68",1zFh0d9joDIJKTOyIfEns1i2cB4nHHruR,Detektor-Messquerschnitt-Verkehrsmesswerte - Verarbeitet-250605_250605.csv,2026-03-03T16:28:58.473Z,2025-06-06T05:24:38.930Z,text/csv,2025-06-05,2506,Procesado,309852
"0,68",1EL_dBkH4I1cvuvtk-Cupfh7zYprMo1RJ,Detektor-Messquerschnitt-Verkehrsmesswerte - Verarbeitet-250604_250604.csv,2026-03-03T16:28:00.637Z,2025-06-05T05:24:46.340Z,text/csv,2025-06-04,2506,Procesado,309923
"0,68",1T3_M84xJ4hOm2jGBT82WQADHrIQXD8xV,Detektor-Messquerschnitt-Verkehrsmesswerte - Verarbeitet-250603_250603.csv,2026-03-03T16:29:19.539Z,2025-06-04T05:36:13.640Z,text/csv,2025-06-03,2506,Procesado,305497
"0,68",1YtAAMK8kmxuZbDo4NEIHOKE9PIn2hEtk,Detektor-Messquerschnitt-Verkehrsmesswerte - Verarbeitet-250602_250602.csv,2026-03-03T16:29:38.358Z,2025-06-03T05:25:00.431Z,text/csv,2025-06-02,2506,Procesado,302622
"0,68",12VmtDNq_OvcVyxhnD90Q4-Def4WXmaPW,Detektor-Messquerschnitt-Verkehrsmesswerte - Verarbeitet-250601_250601.csv,2026-03-03T16:28:50.040Z,2025-06-02T05:18:12.566Z,text/csv,2025-06-01,2506,Procesado,303736
"0,68",12V2I1XzVQj9m0hIjUXWcEFmnOk8Etvug,Detektor-Messquerschnitt-Verkehrsmesswerte - Verarbeitet-250531_250531.csv,2026-03-03T16:28:45.917Z,2025-06-01T05:15:56.206Z,text/csv,2025-05-31,2505,Procesado,301945
"0,68",17yKalDDu2WCQLizSnSmCIbVXUJbMLEhB,Detektor-Messquerschnitt-Verkehrsmesswerte - Verarbeitet-250530_250530.csv,2026-03-03T16:29:26.303Z,2025-05-31T05:25:24.788Z,text/csv,2025-05-30,2505,Procesado,267976
"0,68",12q_2IekKGURVRinQAHRSrW4p78Mt0lvc,Detektor-Messquerschnitt-Verkehrsmesswerte - Verarbeitet-250529_250529.csv,2026-03-03T16:29:44.267Z,2025-05-30T05:15:30.437Z,text/csv,2025-05-29,2505,Procesado,269874
"0,68",1d3x_TIWz37hTrbYB1eOLEwTVDfc4MqXh,Detektor-Messquerschnitt-Verkehrsmesswerte - Verarbeitet-250528_250528.csv,2026-03-03T16:28:06.498Z,2025-05-29T05:27:28.427Z,text/csv,2025-05-28,2505,Procesado,271843
"0,68",1f4C4340zKQMozIQQhR64yYar_DQVkT-m,Detektor-Messquerschnitt-Verkehrsmesswerte - Verarbeitet-250527_250527.csv,2026-03-03T16:28:45.218Z,2025-05-28T05:26:51.524Z,text/csv,2025-05-27,2505,Procesado,274204
"0,6",1V3nxlP0w-bpor1Cog9bRgOC4BSML_qQo,Detektor-Messquerschnitt-Verkehrsmesswerte - Verarbeitet-250526_250526.csv,2026-03-03T16:27:38.100Z,2025-05-27T05:14:04.849Z,text/csv,2025-05-26,2505,Procesado,272979
"0,68",16nEPn_8FmWIXnQla3cLdM2nK3IN8VYjX,Detector-Measurement Point-Traffic Data - Processed-250526_250526.csv,2026-03-03T16:29:16.755Z,2025-05-27T21:05:41.704Z,text/csv,2025-05-26,2505,Procesado,288994
"0,6",1ytwOw0LTc1pGE7eOyh0ZJMlQOImOkL2C,Detektor-Messquerschnitt-Verkehrsmesswerte - Verarbeitet-250525_250525.csv,2026-03-03T16:29:39.414Z,2025-05-26T05:13:38.520Z,text/csv,2025-05-25,2505,Procesado,290630
"0,6",1EeEXIvYSvCCiS_su1eQDyLkMvQOKSE8K,Detektor-Messquerschnitt-Verkehrsmesswerte - Verarbeitet-250524_250524.csv,2026-03-03T16:29:48.238Z,2025-05-25T05:14:19.299Z,text/csv,2025-05-24,2505,Procesado,292520
"0,6",1fOQ6snA9GDbd3JYP0i9RJuft6eDyamtm,Detektor-Messquerschnitt-Verkehrsmesswerte - Verarbeitet-250523_250523.csv,2026-03-03T16:29:18.907Z,2025-05-24T05:13:56.934Z,text/csv,2025-05-23,2505,Procesado,294073
"0,6",1ravPvNJ8HL-wAj4r5gZ-tmQsCw1P60Qs,Detektor-Messquerschnitt-Verkehrsmesswerte - Verarbeitet-250522_250522.csv,2026-03-03T16:29:24.546Z,2025-05-23T05:14:08.529Z,text/csv,2025-05-22,2505,Procesado,294473
"0,63",13Sx76WhnQorv1XouRrc8AIrOaXXXeTuz,Detektor-Messquerschnitt-Verkehrsmesswerte - Verarbeitet-250521_250521.csv,2026-03-03T16:29:10.169Z,2025-05-22T05:14:58.748Z,text/csv,2025-05-21,2505,Procesado,291610
"0,63",1DBaRcoi39txwapMBIXM4asUw45n2G0M2,Detektor-Messquerschnitt-Verkehrsmesswerte - Verarbeitet-250520_250520.csv,2026-03-03T16:28:23.508Z,2025-05-21T05:14:15.500Z,text/csv,2025-05-20,2505,Procesado,292350
"0,63",1PEbHELtDLGpV_RAJPH9CtOwcLhlmp15I,Detektor-Messquerschnitt-Verkehrsmesswerte - Verarbeitet-250519_250519.csv,2026-03-03T16:28:22.821Z,2025-05-20T05:14:35.960Z,text/csv,2025-05-19,2505,Procesado,293414
"0,63",1xduc3KAHC_Hec16acrFmSdqIp6HxztIF,Detektor-Messquerschnitt-Verkehrsmesswerte - Verarbeitet-250518_250518.csv,2026-03-03T16:28:16.130Z,2025-05-19T05:14:48.528Z,text/csv,2025-05-18,2505,Procesado,292277
"0,63",12nlpFDbD_3TgG7CdUVw7qC147H-0q8uI,Detektor-Messquerschnitt-Verkehrsmesswerte - Verarbeitet-250517_250517.csv,2026-03-03T16:27:58.410Z,2025-05-18T05:14:24.178Z,text/csv,2025-05-17,2505,Procesado,293397
"0,63",1iK79J96RzBpxXacCVpIgNqb331iu79x6,Detektor-Messquerschnitt-Verkehrsmesswerte - Verarbeitet-250516_250516.csv,2026-03-03T16:27:42.992Z,2025-05-17T05:14:52.079Z,text/csv,2025-05-16,2505,Procesado,294846
"0,63",1BldrBP4C9IR066Sg6ZDIqxiOppf8otGl,Detektor-Messquerschnitt-Verkehrsmesswerte - Verarbeitet-250515_250515.csv,2026-03-03T16:27:50.755Z,2025-05-16T05:15:11.618Z,text/csv,2025-05-15,2505,Procesado,292951
"0,63",192MFzrIojHWyZ72ypMFePmwSFvW-Al5I,Detektor-Messquerschnitt-Verkehrsmesswerte - Verarbeitet-250514_250514.csv,2026-03-03T16:27:50.241Z,2025-05-15T05:14:41.903Z,text/csv,2025-05-14,2505,Procesado,289170
"0,63",1MxJgNDZITGudNKfmjLd8w0_UgLF2naKD,Detektor-Messquerschnitt-Verkehrsmesswerte - Verarbeitet-250513_250513.csv,2026-03-03T16:28:27.955Z,2025-05-14T05:18:24.929Z,text/csv,2025-05-13,2505,Procesado,286137
"0,63",1erl3mKa4Ct_Q23mTbW3dfsh7J_mXcwO6,Detektor-Messquerschnitt-Verkehrsmesswerte - Verarbeitet-250512_250512.csv,2026-03-03T16:28:28.926Z,2025-05-13T05:14:16.747Z,text/csv,2025-05-12,2505,Procesado,290298
"0,63",1uNJFrn1l014jzj9nD9vOS_5zfP8HCeiF,Detektor-Messquerschnitt-Verkehrsmesswerte - Verarbeitet-250511_250511.csv,2026-03-03T16:28:31.489Z,2025-05-12T05:13:39.485Z,text/csv,2025-05-11,2505,Procesado,289499
"0,63",1kn0hU_TSRfVrQdMH2yxIfbzrW2K4HAzg,Detektor-Messquerschnitt-Verkehrsmesswerte - Verarbeitet-250510_250510.csv,2026-03-03T16:29:01.408Z,2025-05-11T05:14:25.906Z,text/csv,2025-05-10,2505,Procesado,287941
"0,63",14Tgdk5Yh1hZ4QA8rNDtcGM1gxyV1kbrh,Detektor-Messquerschnitt-Verkehrsmesswerte - Verarbeitet-250509_250509.csv,2026-03-03T16:28:07.772Z,2025-05-10T05:15:18.213Z,text/csv,2025-05-09,2505,Procesado,288235
"0,63",1Y_v2pe4sUwFIj13zCxfhWypft8WMSd5b,Detektor-Messquerschnitt-Verkehrsmesswerte - Verarbeitet-250508_250508.csv,2026-03-03T16:29:05.326Z,2025-05-09T05:14:58.969Z,text/csv,2025-05-08,2505,Procesado,291674
"0,63",1sgDpJ1Exw-X2gMAgQkUEctlvpMKyDJZ5,Detektor-Messquerschnitt-Verkehrsmesswerte - Verarbeitet-250507_250507.csv,2026-03-03T16:27:51.637Z,2025-05-08T05:13:54.574Z,text/csv,2025-05-07,2505,Procesado,294212
"0,63",1BR-t7NnzfdU1COCAW44jdkTIDppFQiaH,Detektor-Messquerschnitt-Verkehrsmesswerte - Verarbeitet-250506_250506.csv,2026-03-03T16:29:43.276Z,2025-05-07T05:14:18.614Z,text/csv,2025-05-06,2505,Procesado,298873
"0,63",1by9Tb5cEI6Ejs3PVS7JPYCzVnOmxnqiP,Detektor-Messquerschnitt-Verkehrsmesswerte - Verarbeitet-250505_250505.csv,2026-03-03T16:29:36.188Z,2025-05-06T05:14:44.347Z,text/csv,2025-05-05,2505,Procesado,300101
"0,63",1kZUqKLgW-xkSxoPEv63EhjfBnuoouZfa,Detektor-Messquerschnitt-Verkehrsmesswerte - Verarbeitet-250504_250504.csv,2026-03-03T16:29:10.777Z,2025-05-05T05:14:04.461Z,text/csv,2025-05-04,2505,Procesado,298500
"0,63",1qv2-uIvbZKLqwSF2Vi-PSN_yIkfWuuGC,Detektor-Messquerschnitt-Verkehrsmesswerte - Verarbeitet-250503_250503.csv,2026-03-03T16:27:56.346Z,2025-05-04T05:14:55.711Z,text/csv,2025-05-03,2505,Procesado,294627
"0,63",1uTiB1wRWzfT-y0cyVts4to5NqdGOh8tL,Detektor-Messquerschnitt-Verkehrsmesswerte - Verarbeitet-250502_250502.csv,2026-03-03T16:29:43.627Z,2025-05-03T05:14:58.523Z,text/csv,2025-05-02,2505,Procesado,296118
"0,64",1Mx5HlkHc2BM_VpearmABPWF6xvQu2s3z,Detektor-Messquerschnitt-Verkehrsmesswerte - Verarbeitet-250501_250501.csv,2026-03-03T16:28:51.768Z,2025-05-02T05:14:38.095Z,text/csv,2025-05-01,2505,Procesado,294379
"0,64",1ql_ej0fEkg7LmHSM0qihempFj_L--3un,Detektor-Messquerschnitt-Verkehrsmesswerte - Verarbeitet-250430_250430.csv,2026-03-03T16:29:47.947Z,2025-05-01T05:15:15.728Z,text/csv,2025-04-30,2504,Procesado,297744
